invoice_id,date,type,vendor_or_customer,department,amount,status,due_date,paid_date
INV000001,2023-01-01,AR,Acme Analytics,Sales,22100.0,paid,2023-01-31,2023-01-31
INV000002,2023-01-01,AR,Northstar Health,Sales,17850.0,paid_late,2023-01-31,2023-02-03
INV000003,2023-01-01,AR,Brightline Retail,Sales,15300.0,paid_late,2023-01-31,2023-02-07
INV000004,2023-01-01,AR,Summit Logistics,Sales,12750.0,paid_late,2023-01-31,2023-02-15
INV000005,2023-01-01,AR,Cobalt Financial,Sales,9350.0,paid,2023-01-31,2023-01-31
INV000006,2023-01-01,AR,Helio Education,Sales,7650.0,paid,2023-01-31,2023-01-27
INV000007,2023-01-01,AR,Implementation Services,Sales,8350.0,paid,2023-01-31,2023-01-31
INV000008,2023-02-01,AR,Acme Analytics,Sales,22845.4,paid_late,2023-03-03,2023-03-06
INV000009,2023-02-01,AR,Northstar Health,Sales,18452.05,paid_late,2023-03-03,2023-03-10
INV000010,2023-02-01,AR,Brightline Retail,Sales,15816.05,paid_late,2023-03-03,2023-03-18
INV000011,2023-02-01,AR,Summit Logistics,Sales,13180.04,paid,2023-03-03,2023-03-03
INV000012,2023-02-01,AR,Cobalt Financial,Sales,9665.36,paid,2023-03-03,2023-02-27
INV000013,2023-02-01,AR,Helio Education,Sales,7908.02,paid,2023-03-03,2023-03-03
INV000014,2023-02-01,AR,Implementation Services,Sales,8350.0,paid_late,2023-03-03,2023-03-06
INV000015,2023-03-01,AR,Acme Analytics,Sales,23615.94,paid_late,2023-03-31,2023-04-07
INV000016,2023-03-01,AR,Northstar Health,Sales,19074.42,paid_late,2023-03-31,2023-04-15
INV000017,2023-03-01,AR,Brightline Retail,Sales,16349.5,paid,2023-03-31,2023-03-31
INV000018,2023-03-01,AR,Summit Logistics,Sales,13624.58,paid,2023-03-31,2023-03-27
INV000019,2023-03-01,AR,Cobalt Financial,Sales,9991.36,paid,2023-03-31,2023-03-31
INV000020,2023-03-01,AR,Helio Education,Sales,8174.75,paid_late,2023-03-31,2023-04-03
INV000021,2023-03-01,AR,Implementation Services,Sales,8350.0,paid_late,2023-03-31,2023-04-07
INV000022,2023-04-01,AR,Acme Analytics,Sales,24412.47,paid_late,2023-05-01,2023-05-16
INV000023,2023-04-01,AR,Northstar Health,Sales,19717.77,paid,2023-05-01,2023-05-01
INV000024,2023-04-01,AR,Brightline Retail,Sales,16900.94,paid,2023-05-01,2023-04-27
INV000025,2023-04-01,AR,Summit Logistics,Sales,14084.12,paid,2023-05-01,2023-05-01
INV000026,2023-04-01,AR,Cobalt Financial,Sales,10328.35,paid_late,2023-05-01,2023-05-04
INV000027,2023-04-01,AR,Helio Education,Sales,8450.47,paid_late,2023-05-01,2023-05-08
INV000028,2023-04-01,AR,Implementation Services,Sales,8350.0,paid_late,2023-05-01,2023-05-16
INV000029,2023-05-01,AR,Acme Analytics,Sales,25235.87,paid,2023-05-31,2023-05-31
INV000030,2023-05-01,AR,Northstar Health,Sales,20382.82,paid,2023-05-31,2023-05-27
INV000031,2023-05-01,AR,Brightline Retail,Sales,17470.99,paid,2023-05-31,2023-05-31
INV000032,2023-05-01,AR,Summit Logistics,Sales,14559.16,paid_late,2023-05-31,2023-06-03
INV000033,2023-05-01,AR,Cobalt Financial,Sales,10676.71,paid_late,2023-05-31,2023-06-07
INV000034,2023-05-01,AR,Helio Education,Sales,8735.49,paid_late,2023-05-31,2023-06-15
INV000035,2023-05-01,AR,Implementation Services,Sales,8350.0,paid,2023-05-31,2023-05-31
INV000036,2023-06-01,AR,Acme Analytics,Sales,26087.04,paid,2023-07-01,2023-06-27
INV000037,2023-06-01,AR,Northstar Health,Sales,21070.3,paid,2023-07-01,2023-07-01
INV000038,2023-06-01,AR,Brightline Retail,Sales,18060.26,paid_late,2023-07-01,2023-07-04
INV000039,2023-06-01,AR,Summit Logistics,Sales,15050.22,paid_late,2023-07-01,2023-07-08
INV000040,2023-06-01,AR,Cobalt Financial,Sales,11036.82,paid_late,2023-07-01,2023-07-16
INV000041,2023-06-01,AR,Helio Education,Sales,9030.13,paid,2023-07-01,2023-07-01
INV000042,2023-06-01,AR,Implementation Services,Sales,8350.0,paid,2023-07-01,2023-06-27
INV000043,2023-07-01,AR,Acme Analytics,Sales,26966.92,paid,2023-07-31,2023-07-31
INV000044,2023-07-01,AR,Northstar Health,Sales,21780.97,paid_late,2023-07-31,2023-08-03
INV000045,2023-07-01,AR,Brightline Retail,Sales,18669.4,paid_late,2023-07-31,2023-08-07
INV000046,2023-07-01,AR,Summit Logistics,Sales,15557.84,paid_late,2023-07-31,2023-08-15
INV000047,2023-07-01,AR,Cobalt Financial,Sales,11409.08,paid,2023-07-31,2023-07-31
INV000048,2023-07-01,AR,Helio Education,Sales,9334.7,paid,2023-07-31,2023-07-27
INV000049,2023-07-01,AR,Implementation Services,Sales,8350.0,paid,2023-07-31,2023-07-31
INV000050,2023-08-01,AR,Acme Analytics,Sales,27876.47,paid_late,2023-08-31,2023-09-03
INV000051,2023-08-01,AR,Northstar Health,Sales,22515.61,paid_late,2023-08-31,2023-09-07
INV000052,2023-08-01,AR,Brightline Retail,Sales,19299.1,paid_late,2023-08-31,2023-09-15
INV000053,2023-08-01,AR,Summit Logistics,Sales,16082.58,paid,2023-08-31,2023-08-31
INV000054,2023-08-01,AR,Cobalt Financial,Sales,11793.89,paid,2023-08-31,2023-08-27
INV000055,2023-08-01,AR,Helio Education,Sales,9649.55,paid,2023-08-31,2023-08-31
INV000056,2023-08-01,AR,Implementation Services,Sales,8350.0,paid_late,2023-08-31,2023-09-03
INV000057,2023-09-01,AR,Acme Analytics,Sales,28816.71,paid_late,2023-10-01,2023-10-08
INV000058,2023-09-01,AR,Northstar Health,Sales,23275.03,paid_late,2023-10-01,2023-10-16
INV000059,2023-09-01,AR,Brightline Retail,Sales,19950.03,paid,2023-10-01,2023-10-01
INV000060,2023-09-01,AR,Summit Logistics,Sales,16625.02,paid,2023-10-01,2023-09-27
INV000061,2023-09-01,AR,Cobalt Financial,Sales,12191.68,paid,2023-10-01,2023-10-01
INV000062,2023-09-01,AR,Helio Education,Sales,9975.01,paid_late,2023-10-01,2023-10-04
INV000063,2023-09-01,AR,Implementation Services,Sales,8350.0,paid_late,2023-10-01,2023-10-08
INV000064,2023-10-01,AR,Acme Analytics,Sales,29788.65,paid_late,2023-10-31,2023-11-15
INV000065,2023-10-01,AR,Northstar Health,Sales,24060.06,paid,2023-10-31,2023-10-31
INV000066,2023-10-01,AR,Brightline Retail,Sales,20622.91,paid,2023-10-31,2023-10-27
INV000067,2023-10-01,AR,Summit Logistics,Sales,17185.76,paid,2023-10-31,2023-10-31
INV000068,2023-10-01,AR,Cobalt Financial,Sales,12602.89,paid_late,2023-10-31,2023-11-03
INV000069,2023-10-01,AR,Helio Education,Sales,10311.46,paid_late,2023-10-31,2023-11-07
INV000070,2023-10-01,AR,Implementation Services,Sales,8350.0,paid_late,2023-10-31,2023-11-15
INV000071,2023-11-01,AR,Acme Analytics,Sales,30793.38,paid,2023-12-01,2023-12-01
INV000072,2023-11-01,AR,Northstar Health,Sales,24871.57,paid,2023-12-01,2023-11-27
INV000073,2023-11-01,AR,Brightline Retail,Sales,21318.49,paid,2023-12-01,2023-12-01
INV000074,2023-11-01,AR,Summit Logistics,Sales,17765.41,paid_late,2023-12-01,2023-12-04
INV000075,2023-11-01,AR,Cobalt Financial,Sales,13027.97,paid_late,2023-12-01,2023-12-08
INV000076,2023-11-01,AR,Helio Education,Sales,10659.25,paid_late,2023-12-01,2023-12-16
INV000077,2023-11-01,AR,Implementation Services,Sales,8350.0,paid,2023-12-01,2023-12-01
INV000078,2023-12-01,AR,Acme Analytics,Sales,31831.99,paid,2023-12-31,2023-12-27
INV000079,2023-12-01,AR,Northstar Health,Sales,25710.46,paid,2023-12-31,2023-12-31
INV000080,2023-12-01,AR,Brightline Retail,Sales,22037.53,paid_late,2023-12-31,2024-01-03
INV000081,2023-12-01,AR,Summit Logistics,Sales,18364.61,paid_late,2023-12-31,2024-01-07
INV000082,2023-12-01,AR,Cobalt Financial,Sales,13467.38,paid_late,2023-12-31,2024-01-15
INV000083,2023-12-01,AR,Helio Education,Sales,11018.77,paid,2023-12-31,2023-12-31
INV000084,2023-12-01,AR,Implementation Services,Sales,8350.0,paid,2023-12-31,2023-12-27
INV000085,2024-01-01,AR,Acme Analytics,Sales,32905.64,paid,2024-01-31,2024-01-31
INV000086,2024-01-01,AR,Northstar Health,Sales,26577.63,paid_late,2024-01-31,2024-02-03
INV000087,2024-01-01,AR,Brightline Retail,Sales,22780.83,paid_late,2024-01-31,2024-02-07
INV000088,2024-01-01,AR,Summit Logistics,Sales,18984.02,paid_late,2024-01-31,2024-02-15
INV000089,2024-01-01,AR,Cobalt Financial,Sales,13921.62,paid,2024-01-31,2024-01-31
INV000090,2024-01-01,AR,Helio Education,Sales,11390.41,paid,2024-01-31,2024-01-27
INV000091,2024-01-01,AR,Implementation Services,Sales,8350.0,paid,2024-01-31,2024-01-31
INV000092,2024-02-01,AR,Acme Analytics,Sales,34015.5,paid_late,2024-03-02,2024-03-05
INV000093,2024-02-01,AR,Northstar Health,Sales,27474.06,paid_late,2024-03-02,2024-03-09
INV000094,2024-02-01,AR,Brightline Retail,Sales,23549.19,paid_late,2024-03-02,2024-03-17
INV000095,2024-02-01,AR,Summit Logistics,Sales,19624.33,paid,2024-03-02,2024-03-02
INV000096,2024-02-01,AR,Cobalt Financial,Sales,14391.17,paid,2024-03-02,2024-02-27
INV000097,2024-02-01,AR,Helio Education,Sales,11774.6,paid,2024-03-02,2024-03-02
INV000098,2024-02-01,AR,Implementation Services,Sales,8350.0,paid_late,2024-03-02,2024-03-05
INV000099,2024-03-01,AR,Acme Analytics,Sales,35162.79,paid_late,2024-03-31,2024-04-07
INV000100,2024-03-01,AR,Northstar Health,Sales,28400.72,paid_late,2024-03-31,2024-04-15
INV000101,2024-03-01,AR,Brightline Retail,Sales,24343.47,paid,2024-03-31,2024-03-31
INV000102,2024-03-01,AR,Summit Logistics,Sales,20286.23,paid,2024-03-31,2024-03-27
INV000103,2024-03-01,AR,Cobalt Financial,Sales,14876.57,paid,2024-03-31,2024-03-31
INV000104,2024-03-01,AR,Helio Education,Sales,12171.74,paid_late,2024-03-31,2024-04-03
INV000105,2024-03-01,AR,Implementation Services,Sales,8350.0,paid_late,2024-03-31,2024-04-07
INV000106,2024-04-01,AR,Acme Analytics,Sales,36348.78,paid_late,2024-05-01,2024-05-16
INV000107,2024-04-01,AR,Northstar Health,Sales,29358.63,paid,2024-05-01,2024-05-01
INV000108,2024-04-01,AR,Brightline Retail,Sales,25164.54,paid,2024-05-01,2024-04-27
INV000109,2024-04-01,AR,Summit Logistics,Sales,20970.45,paid,2024-05-01,2024-05-01
INV000110,2024-04-01,AR,Cobalt Financial,Sales,15378.33,paid_late,2024-05-01,2024-05-04
INV000111,2024-04-01,AR,Helio Education,Sales,12582.27,paid_late,2024-05-01,2024-05-08
INV000112,2024-04-01,AR,Implementation Services,Sales,8350.0,paid_late,2024-05-01,2024-05-16
INV000113,2024-05-01,AR,Acme Analytics,Sales,37574.77,paid,2024-05-31,2024-05-31
INV000114,2024-05-01,AR,Northstar Health,Sales,30348.86,paid,2024-05-31,2024-05-27
INV000115,2024-05-01,AR,Brightline Retail,Sales,26013.3,paid,2024-05-31,2024-05-31
INV000116,2024-05-01,AR,Summit Logistics,Sales,21677.75,paid_late,2024-05-31,2024-06-03
INV000117,2024-05-01,AR,Cobalt Financial,Sales,15897.02,paid_late,2024-05-31,2024-06-07
INV000118,2024-05-01,AR,Helio Education,Sales,13006.65,paid_late,2024-05-31,2024-06-15
INV000119,2024-05-01,AR,Implementation Services,Sales,8350.0,paid,2024-05-31,2024-05-31
INV000120,2024-06-01,AR,Acme Analytics,Sales,38842.12,paid,2024-07-01,2024-06-27
INV000121,2024-06-01,AR,Northstar Health,Sales,31372.48,paid,2024-07-01,2024-07-01
INV000122,2024-06-01,AR,Brightline Retail,Sales,26890.7,paid_late,2024-07-01,2024-07-04
INV000123,2024-06-01,AR,Summit Logistics,Sales,22408.91,paid_late,2024-07-01,2024-07-08
INV000124,2024-06-01,AR,Cobalt Financial,Sales,16433.2,paid_late,2024-07-01,2024-07-16
INV000125,2024-06-01,AR,Helio Education,Sales,13445.35,paid,2024-07-01,2024-07-01
INV000126,2024-06-01,AR,Implementation Services,Sales,8350.0,paid,2024-07-01,2024-06-27
INV000127,2024-07-01,AR,Acme Analytics,Sales,40152.2,paid,2024-07-31,2024-07-31
INV000128,2024-07-01,AR,Northstar Health,Sales,32430.63,paid_late,2024-07-31,2024-08-03
INV000129,2024-07-01,AR,Brightline Retail,Sales,27797.68,paid_late,2024-07-31,2024-08-07
INV000130,2024-07-01,AR,Summit Logistics,Sales,23164.73,paid_late,2024-07-31,2024-08-15
INV000131,2024-07-01,AR,Cobalt Financial,Sales,16987.47,paid,2024-07-31,2024-07-31
INV000132,2024-07-01,AR,Helio Education,Sales,13898.84,paid,2024-07-31,2024-07-27
INV000133,2024-07-01,AR,Implementation Services,Sales,8350.0,paid,2024-07-31,2024-07-31
INV000134,2024-08-01,AR,Acme Analytics,Sales,41506.48,paid_late,2024-08-31,2024-09-03
INV000135,2024-08-01,AR,Northstar Health,Sales,33524.46,paid_late,2024-08-31,2024-09-07
INV000136,2024-08-01,AR,Brightline Retail,Sales,28735.25,paid_late,2024-08-31,2024-09-15
INV000137,2024-08-01,AR,Summit Logistics,Sales,23946.05,paid,2024-08-31,2024-08-31
INV000138,2024-08-01,AR,Cobalt Financial,Sales,17560.43,paid,2024-08-31,2024-08-27
INV000139,2024-08-01,AR,Helio Education,Sales,14367.63,paid,2024-08-31,2024-08-31
INV000140,2024-08-01,AR,Implementation Services,Sales,8350.0,paid_late,2024-08-31,2024-09-03
INV000141,2024-09-01,AR,Acme Analytics,Sales,42906.43,paid_late,2024-10-01,2024-10-08
INV000142,2024-09-01,AR,Northstar Health,Sales,34655.19,paid_late,2024-10-01,2024-10-16
INV000143,2024-09-01,AR,Brightline Retail,Sales,29704.45,paid,2024-10-01,2024-10-01
INV000144,2024-09-01,AR,Summit Logistics,Sales,24753.71,paid,2024-10-01,2024-09-27
INV000145,2024-09-01,AR,Cobalt Financial,Sales,18152.72,paid,2024-10-01,2024-10-01
INV000146,2024-09-01,AR,Helio Education,Sales,14852.23,paid_late,2024-10-01,2024-10-04
INV000147,2024-09-01,AR,Implementation Services,Sales,8350.0,paid_late,2024-10-01,2024-10-08
INV000148,2024-10-01,AR,Acme Analytics,Sales,44353.6,paid_late,2024-10-31,2024-11-15
INV000149,2024-10-01,AR,Northstar Health,Sales,35824.06,paid,2024-10-31,2024-10-31
INV000150,2024-10-01,AR,Brightline Retail,Sales,30706.34,paid,2024-10-31,2024-10-27
INV000151,2024-10-01,AR,Summit Logistics,Sales,25588.62,paid,2024-10-31,2024-10-31
INV000152,2024-10-01,AR,Cobalt Financial,Sales,18764.99,paid_late,2024-10-31,2024-11-03
INV000153,2024-10-01,AR,Helio Education,Sales,15353.17,paid_late,2024-10-31,2024-11-07
INV000154,2024-10-01,AR,Implementation Services,Sales,8350.0,paid_late,2024-10-31,2024-11-15
INV000155,2024-11-01,AR,Acme Analytics,Sales,45849.59,paid,2024-12-01,2024-12-01
INV000156,2024-11-01,AR,Northstar Health,Sales,37032.36,paid,2024-12-01,2024-11-27
INV000157,2024-11-01,AR,Brightline Retail,Sales,31742.02,paid,2024-12-01,2024-12-01
INV000158,2024-11-01,AR,Summit Logistics,Sales,26451.68,paid_late,2024-12-01,2024-12-04
INV000159,2024-11-01,AR,Cobalt Financial,Sales,19397.9,paid_late,2024-12-01,2024-12-08
INV000160,2024-11-01,AR,Helio Education,Sales,15871.01,paid_late,2024-12-01,2024-12-16
INV000161,2024-11-01,AR,Implementation Services,Sales,8350.0,paid,2024-12-01,2024-12-01
INV000162,2024-12-01,AR,Acme Analytics,Sales,47396.02,paid,2024-12-31,2024-12-27
INV000163,2024-12-01,AR,Northstar Health,Sales,38281.4,paid,2024-12-31,2024-12-31
INV000164,2024-12-01,AR,Brightline Retail,Sales,32812.63,paid_late,2024-12-31,2025-01-03
INV000165,2024-12-01,AR,Summit Logistics,Sales,27343.86,paid_late,2024-12-31,2025-01-07
INV000166,2024-12-01,AR,Cobalt Financial,Sales,20052.16,paid_late,2024-12-31,2025-01-15
INV000167,2024-12-01,AR,Helio Education,Sales,16406.32,paid,2024-12-31,2024-12-31
INV000168,2024-12-01,AR,Implementation Services,Sales,8350.0,paid,2024-12-31,2024-12-27
INV000169,2025-01-01,AR,Acme Analytics,Sales,48994.62,paid,2025-01-31,2025-01-31
INV000170,2025-01-01,AR,Northstar Health,Sales,39572.58,paid_late,2025-01-31,2025-02-03
INV000171,2025-01-01,AR,Brightline Retail,Sales,33919.35,paid_late,2025-01-31,2025-02-07
INV000172,2025-01-01,AR,Summit Logistics,Sales,28266.13,paid_late,2025-01-31,2025-02-15
INV000173,2025-01-01,AR,Cobalt Financial,Sales,20728.49,paid,2025-01-31,2025-01-31
INV000174,2025-01-01,AR,Helio Education,Sales,16959.68,paid,2025-01-31,2025-01-27
INV000175,2025-01-01,AR,Implementation Services,Sales,8350.0,paid,2025-01-31,2025-01-31
INV000176,2025-02-01,AR,Acme Analytics,Sales,50647.14,paid_late,2025-03-03,2025-03-06
INV000177,2025-02-01,AR,Northstar Health,Sales,40907.31,paid_late,2025-03-03,2025-03-10
INV000178,2025-02-01,AR,Brightline Retail,Sales,35063.41,paid_late,2025-03-03,2025-03-18
INV000179,2025-02-01,AR,Summit Logistics,Sales,29219.5,paid,2025-03-03,2025-03-03
INV000180,2025-02-01,AR,Cobalt Financial,Sales,21427.64,paid,2025-03-03,2025-02-27
INV000181,2025-02-01,AR,Helio Education,Sales,17531.7,paid,2025-03-03,2025-03-03
INV000182,2025-02-01,AR,Implementation Services,Sales,8350.0,paid_late,2025-03-03,2025-03-06
INV000183,2025-03-01,AR,Acme Analytics,Sales,52355.39,paid_late,2025-03-31,2025-04-07
INV000184,2025-03-01,AR,Northstar Health,Sales,42287.05,paid_late,2025-03-31,2025-04-15
INV000185,2025-03-01,AR,Brightline Retail,Sales,36246.04,paid,2025-03-31,2025-03-31
INV000186,2025-03-01,AR,Summit Logistics,Sales,30205.04,paid,2025-03-31,2025-03-27
INV000187,2025-03-01,AR,Cobalt Financial,Sales,22150.36,paid,2025-03-31,2025-03-31
INV000188,2025-03-01,AR,Helio Education,Sales,18123.02,paid_late,2025-03-31,2025-04-03
INV000189,2025-03-01,AR,Implementation Services,Sales,8350.0,paid_late,2025-03-31,2025-04-07
INV000190,2025-04-01,AR,Acme Analytics,Sales,54121.27,paid_late,2025-05-01,2025-05-16
INV000191,2025-04-01,AR,Northstar Health,Sales,43713.33,paid,2025-05-01,2025-05-01
INV000192,2025-04-01,AR,Brightline Retail,Sales,37468.57,paid,2025-05-01,2025-04-27
INV000193,2025-04-01,AR,Summit Logistics,Sales,31223.81,paid,2025-05-01,2025-05-01
INV000194,2025-04-01,AR,Cobalt Financial,Sales,22897.46,paid_late,2025-05-01,2025-05-04
INV000195,2025-04-01,AR,Helio Education,Sales,18734.28,paid_late,2025-05-01,2025-05-08
INV000196,2025-04-01,AR,Implementation Services,Sales,8350.0,paid_late,2025-05-01,2025-05-16
INV000197,2025-05-01,AR,Acme Analytics,Sales,55946.7,paid,2025-05-31,2025-05-31
INV000198,2025-05-01,AR,Northstar Health,Sales,45187.72,paid,2025-05-31,2025-05-27
INV000199,2025-05-01,AR,Brightline Retail,Sales,38732.33,paid,2025-05-31,2025-05-31
INV000200,2025-05-01,AR,Summit Logistics,Sales,32276.94,paid_late,2025-05-31,2025-06-03
INV000201,2025-05-01,AR,Cobalt Financial,Sales,23669.76,paid_late,2025-05-31,2025-06-07
INV000202,2025-05-01,AR,Helio Education,Sales,19366.16,paid_late,2025-05-31,2025-06-15
INV000203,2025-05-01,AR,Implementation Services,Sales,8350.0,paid,2025-05-31,2025-05-31
INV000204,2025-06-01,AR,Acme Analytics,Sales,57833.7,paid,2025-07-01,2025-06-27
INV000205,2025-06-01,AR,Northstar Health,Sales,46711.83,paid,2025-07-01,2025-07-01
INV000206,2025-06-01,AR,Brightline Retail,Sales,40038.71,paid_late,2025-07-01,2025-07-04
INV000207,2025-06-01,AR,Summit Logistics,Sales,33365.59,paid_late,2025-07-01,2025-07-08
INV000208,2025-06-01,AR,Cobalt Financial,Sales,24468.1,paid_late,2025-07-01,2025-07-16
INV000209,2025-06-01,AR,Helio Education,Sales,20019.36,paid,2025-07-01,2025-07-01
INV000210,2025-06-01,AR,Implementation Services,Sales,8350.0,paid,2025-07-01,2025-06-27
INV000211,2025-07-01,AR,Acme Analytics,Sales,59784.34,paid,2025-07-31,2025-07-31
INV000212,2025-07-01,AR,Northstar Health,Sales,48287.35,paid_late,2025-07-31,2025-08-03
INV000213,2025-07-01,AR,Brightline Retail,Sales,41389.16,paid_late,2025-07-31,2025-08-07
INV000214,2025-07-01,AR,Summit Logistics,Sales,34490.97,paid_late,2025-07-31,2025-08-15
INV000215,2025-07-01,AR,Cobalt Financial,Sales,25293.38,paid,2025-07-31,2025-07-31
INV000216,2025-07-01,AR,Helio Education,Sales,20694.58,paid,2025-07-31,2025-07-27
INV000217,2025-07-01,AR,Implementation Services,Sales,8350.0,paid,2025-07-31,2025-07-31
INV000218,2025-08-01,AR,Acme Analytics,Sales,61800.78,paid_late,2025-08-31,2025-09-03
INV000219,2025-08-01,AR,Northstar Health,Sales,49916.02,paid_late,2025-08-31,2025-09-07
INV000220,2025-08-01,AR,Brightline Retail,Sales,42785.16,paid_late,2025-08-31,2025-09-15
INV000221,2025-08-01,AR,Summit Logistics,Sales,35654.3,paid,2025-08-31,2025-08-31
INV000222,2025-08-01,AR,Cobalt Financial,Sales,26146.48,paid,2025-08-31,2025-08-27
INV000223,2025-08-01,AR,Helio Education,Sales,21392.58,paid,2025-08-31,2025-08-31
INV000224,2025-08-01,AR,Implementation Services,Sales,8350.0,paid_late,2025-08-31,2025-09-03
INV000225,2025-09-01,AR,Acme Analytics,Sales,63885.23,paid_late,2025-10-01,2025-10-08
INV000226,2025-09-01,AR,Northstar Health,Sales,51599.61,paid_late,2025-10-01,2025-10-16
INV000227,2025-09-01,AR,Brightline Retail,Sales,44228.24,paid,2025-10-01,2025-10-01
INV000228,2025-09-01,AR,Summit Logistics,Sales,36856.86,paid,2025-10-01,2025-09-27
INV000229,2025-09-01,AR,Cobalt Financial,Sales,27028.37,paid,2025-10-01,2025-10-01
INV000230,2025-09-01,AR,Helio Education,Sales,22114.12,paid_late,2025-10-01,2025-10-04
INV000231,2025-09-01,AR,Implementation Services,Sales,8350.0,paid_late,2025-10-01,2025-10-08
INV000232,2025-10-01,AR,Acme Analytics,Sales,66039.99,paid_late,2025-10-31,2025-11-15
INV000233,2025-10-01,AR,Northstar Health,Sales,53339.99,paid,2025-10-31,2025-10-31
INV000234,2025-10-01,AR,Brightline Retail,Sales,45719.99,paid,2025-10-31,2025-10-27
INV000235,2025-10-01,AR,Summit Logistics,Sales,38099.99,paid,2025-10-31,2025-10-31
INV000236,2025-10-01,AR,Cobalt Financial,Sales,27939.99,paid_late,2025-10-31,2025-11-03
INV000237,2025-10-01,AR,Helio Education,Sales,22860.0,paid_late,2025-10-31,2025-11-07
INV000238,2025-10-01,AR,Implementation Services,Sales,8350.0,paid_late,2025-10-31,2025-11-15
INV000239,2025-11-01,AR,Acme Analytics,Sales,68267.42,paid,2025-12-01,2025-12-01
INV000240,2025-11-01,AR,Northstar Health,Sales,55139.07,paid,2025-12-01,2025-11-27
INV000241,2025-11-01,AR,Brightline Retail,Sales,47262.06,paid,2025-12-01,2025-12-01
INV000242,2025-11-01,AR,Summit Logistics,Sales,39385.05,paid_late,2025-12-01,2025-12-04
INV000243,2025-11-01,AR,Cobalt Financial,Sales,28882.37,paid_late,2025-12-01,2025-12-08
INV000244,2025-11-01,AR,Helio Education,Sales,23631.03,paid_late,2025-12-01,2025-12-16
INV000245,2025-11-01,AR,Implementation Services,Sales,8350.0,paid,2025-12-01,2025-12-01
INV000246,2025-12-01,AR,Acme Analytics,Sales,70569.98,paid,2025-12-31,2025-12-27
INV000247,2025-12-01,AR,Northstar Health,Sales,56998.83,paid,2025-12-31,2025-12-31
INV000248,2025-12-01,AR,Brightline Retail,Sales,48856.14,paid_late,2025-12-31,2026-01-03
INV000249,2025-12-01,AR,Summit Logistics,Sales,40713.45,paid_late,2025-12-31,2026-01-07
INV000250,2025-12-01,AR,Cobalt Financial,Sales,29856.53,paid_late,2025-12-31,2026-01-15
INV000251,2025-12-01,AR,Helio Education,Sales,24428.07,paid,2025-12-31,2025-12-31
INV000252,2025-12-01,AR,Implementation Services,Sales,8350.0,paid,2025-12-31,2025-12-27
INV000253,2023-01-03,AP,AWS,Engineering,20846.8,paid,2023-02-02,2023-02-02
INV000254,2023-01-12,AP,Apple,Operations,1392.6,paid_late,2023-02-11,2023-02-15
INV000255,2023-01-26,AP,Cooley,Finance,3207.2,paid_late,2023-02-25,2023-03-07
INV000256,2023-01-13,AP,Figma,Product,548.6,paid,2023-02-12,2023-02-12
INV000257,2023-01-06,AP,GCP,Product,3333.8,paid_late,2023-02-05,2023-02-23
INV000258,2023-01-12,AP,GitHub,Engineering,1012.8,paid,2023-02-11,2023-02-09
INV000259,2023-01-12,AP,Marketing Vendor Bundle,Marketing,5485.97,paid,2023-02-11,2023-02-11
INV000260,2023-01-08,AP,Notion,Operations,506.4,paid_late,2023-02-07,2023-02-11
INV000261,2023-01-24,AP,Pilot,Finance,3798.0,paid_late,2023-02-23,2023-03-05
INV000262,2023-01-20,AP,R&D Vendor Bundle,Engineering,7174.02,paid,2023-02-19,2023-02-19
INV000263,2023-01-10,AP,Salesforce,Sales,38908.4,paid_late,2023-02-09,2023-02-27
INV000264,2023-01-07,AP,Slack,Operations,675.2,paid,2023-02-06,2023-02-04
INV000265,2023-01-11,AP,Staples,Operations,1772.4,paid,2023-02-10,2023-02-10
INV000266,2023-01-11,AP,Stripe,Finance,928.4,paid_late,2023-02-10,2023-02-14
INV000267,2023-01-18,AP,Travel Card,Sales,2954.0,paid_late,2023-02-17,2023-02-27
INV000268,2023-01-10,AP,WeWork,Operations,10676.6,paid,2023-02-09,2023-02-09
INV000269,2023-01-09,AP,Zoom,Operations,759.6,paid_late,2023-02-08,2023-02-26
INV000270,2023-02-03,AP,AWS,Engineering,20846.8,paid,2023-03-05,2023-03-03
INV000271,2023-02-12,AP,Apple,Operations,1392.6,paid,2023-03-14,2023-03-14
INV000272,2023-02-26,AP,Cooley,Finance,3207.2,paid_late,2023-03-28,2023-04-01
INV000273,2023-02-13,AP,Figma,Product,548.6,paid_late,2023-03-15,2023-03-25
INV000274,2023-02-06,AP,GCP,Product,3333.8,paid,2023-03-08,2023-03-08
INV000275,2023-02-12,AP,GitHub,Engineering,1012.8,paid_late,2023-03-14,2023-04-01
INV000276,2023-02-12,AP,Marketing Vendor Bundle,Marketing,5485.97,paid,2023-03-14,2023-03-12
INV000277,2023-02-08,AP,Notion,Operations,506.4,paid,2023-03-10,2023-03-10
INV000278,2023-02-24,AP,Pilot,Finance,3798.0,paid_late,2023-03-26,2023-03-30
INV000279,2023-02-20,AP,R&D Vendor Bundle,Engineering,7174.02,paid_late,2023-03-22,2023-04-01
INV000280,2023-02-10,AP,Salesforce,Sales,3460.4,paid,2023-03-12,2023-03-12
INV000281,2023-02-07,AP,Slack,Operations,675.2,paid_late,2023-03-09,2023-03-27
INV000282,2023-02-11,AP,Staples,Operations,1772.4,paid,2023-03-13,2023-03-11
INV000283,2023-02-11,AP,Stripe,Finance,928.4,paid,2023-03-13,2023-03-13
INV000284,2023-02-18,AP,Travel Card,Sales,2954.0,paid_late,2023-03-20,2023-03-24
INV000285,2023-02-10,AP,WeWork,Operations,10676.6,paid_late,2023-03-12,2023-03-22
INV000286,2023-02-09,AP,Zoom,Operations,759.6,paid,2023-03-11,2023-03-11
INV000287,2023-03-03,AP,AWS,Engineering,20846.8,paid_late,2023-04-02,2023-04-20
INV000288,2023-03-12,AP,Apple,Operations,1392.6,paid,2023-04-11,2023-04-09
INV000289,2023-03-26,AP,Cooley,Finance,3207.2,paid,2023-04-25,2023-04-25
INV000290,2023-03-25,AP,Deloitte,Finance,7174.0,paid_late,2023-04-24,2023-04-28
INV000291,2023-03-13,AP,Figma,Product,548.6,paid_late,2023-04-12,2023-04-22
INV000292,2023-03-06,AP,GCP,Product,3333.8,paid,2023-04-05,2023-04-05
INV000293,2023-03-12,AP,GitHub,Engineering,1012.8,paid_late,2023-04-11,2023-04-29
INV000294,2023-03-12,AP,Marketing Vendor Bundle,Marketing,5485.97,paid,2023-04-11,2023-04-09
INV000295,2023-03-08,AP,Notion,Operations,506.4,paid,2023-04-07,2023-04-07
INV000296,2023-03-24,AP,Pilot,Finance,3798.0,paid_late,2023-04-23,2023-04-27
INV000297,2023-03-20,AP,R&D Vendor Bundle,Engineering,7174.02,paid_late,2023-04-19,2023-04-29
INV000298,2023-03-10,AP,Salesforce,Sales,3460.4,paid,2023-04-09,2023-04-09
INV000299,2023-03-07,AP,Slack,Operations,675.2,paid_late,2023-04-06,2023-04-24
INV000300,2023-03-11,AP,Staples,Operations,1772.4,paid,2023-04-10,2023-04-08
INV000301,2023-03-11,AP,Stripe,Finance,928.4,paid,2023-04-10,2023-04-10
INV000302,2023-03-18,AP,Travel Card,Sales,2954.0,paid_late,2023-04-17,2023-04-21
INV000303,2023-03-10,AP,WeWork,Operations,10676.6,paid_late,2023-04-09,2023-04-19
INV000304,2023-03-09,AP,Zoom,Operations,759.6,paid,2023-04-08,2023-04-08
INV000305,2023-04-03,AP,AWS,Engineering,23973.83,paid_late,2023-05-03,2023-05-21
INV000306,2023-04-12,AP,Apple,Operations,1392.6,paid,2023-05-12,2023-05-10
INV000307,2023-04-26,AP,Cooley,Finance,3207.2,paid,2023-05-26,2023-05-26
INV000308,2023-04-13,AP,Figma,Product,548.6,paid_late,2023-05-13,2023-05-17
INV000309,2023-04-06,AP,GCP,Product,3833.86,paid_late,2023-05-06,2023-05-16
INV000310,2023-04-12,AP,GitHub,Engineering,1012.8,paid,2023-05-12,2023-05-12
INV000311,2023-04-12,AP,Marketing Vendor Bundle,Marketing,15192.03,paid_late,2023-05-12,2023-05-30
INV000312,2023-04-08,AP,Notion,Operations,506.4,paid,2023-05-08,2023-05-06
INV000313,2023-04-24,AP,Pilot,Finance,3798.0,paid,2023-05-24,2023-05-24
INV000314,2023-04-20,AP,R&D Vendor Bundle,Engineering,7174.02,paid_late,2023-05-20,2023-05-24
INV000315,2023-04-10,AP,Salesforce,Sales,3460.4,paid_late,2023-05-10,2023-05-20
INV000316,2023-04-07,AP,Slack,Operations,675.2,paid,2023-05-07,2023-05-07
INV000317,2023-04-11,AP,Staples,Operations,1772.4,paid_late,2023-05-11,2023-05-29
INV000318,2023-04-11,AP,Stripe,Finance,928.4,paid,2023-05-11,2023-05-09
INV000319,2023-04-18,AP,Travel Card,Sales,5486.0,paid,2023-05-18,2023-05-18
INV000320,2023-04-10,AP,WeWork,Operations,10676.6,paid_late,2023-05-10,2023-05-14
INV000321,2023-04-09,AP,Zoom,Operations,759.6,paid_late,2023-05-09,2023-05-19
INV000322,2023-05-03,AP,AWS,Engineering,23973.83,paid,2023-06-02,2023-06-02
INV000323,2023-05-12,AP,Apple,Operations,1392.6,paid_late,2023-06-11,2023-06-29
INV000324,2023-05-16,AP,Cooley,Finance,63975.2,paid,2023-06-15,2023-06-13
INV000325,2023-05-13,AP,Figma,Product,548.6,paid,2023-06-12,2023-06-12
INV000326,2023-05-06,AP,GCP,Product,3833.86,paid_late,2023-06-05,2023-06-09
INV000327,2023-05-12,AP,GitHub,Engineering,1012.8,paid_late,2023-06-11,2023-06-21
INV000328,2023-05-12,AP,Marketing Vendor Bundle,Marketing,15192.03,paid,2023-06-11,2023-06-11
INV000329,2023-05-08,AP,Notion,Operations,506.4,paid_late,2023-06-07,2023-06-25
INV000330,2023-05-24,AP,Pilot,Finance,3798.0,paid,2023-06-23,2023-06-21
INV000331,2023-05-20,AP,R&D Vendor Bundle,Engineering,7174.02,paid,2023-06-19,2023-06-19
INV000332,2023-05-10,AP,Salesforce,Sales,3460.4,paid_late,2023-06-09,2023-06-13
INV000333,2023-05-07,AP,Slack,Operations,675.2,paid_late,2023-06-06,2023-06-16
INV000334,2023-05-11,AP,Staples,Operations,1772.4,paid,2023-06-10,2023-06-10
INV000335,2023-05-11,AP,Stripe,Finance,928.4,paid_late,2023-06-10,2023-06-28
INV000336,2023-05-18,AP,Travel Card,Sales,5486.0,paid,2023-06-17,2023-06-15
INV000337,2023-05-10,AP,WeWork,Operations,10676.6,paid,2023-06-09,2023-06-09
INV000338,2023-05-09,AP,Zoom,Operations,759.6,paid_late,2023-06-08,2023-06-12
INV000339,2023-06-03,AP,AWS,Engineering,23973.83,paid_late,2023-07-03,2023-07-13
INV000340,2023-06-12,AP,Apple,Operations,1392.6,paid,2023-07-12,2023-07-12
INV000341,2023-06-26,AP,Cooley,Finance,3207.2,paid_late,2023-07-26,2023-08-13
INV000342,2023-06-25,AP,Deloitte,Finance,7174.0,paid,2023-07-25,2023-07-23
INV000343,2023-06-13,AP,Figma,Product,548.6,paid,2023-07-13,2023-07-13
INV000344,2023-06-06,AP,GCP,Product,3833.86,paid_late,2023-07-06,2023-07-10
INV000345,2023-06-12,AP,GitHub,Engineering,1012.8,paid_late,2023-07-12,2023-07-22
INV000346,2023-06-12,AP,Marketing Vendor Bundle,Marketing,15192.03,paid,2023-07-12,2023-07-12
INV000347,2023-06-08,AP,Notion,Operations,506.4,paid_late,2023-07-08,2023-07-26
INV000348,2023-06-24,AP,Pilot,Finance,3798.0,paid,2023-07-24,2023-07-22
INV000349,2023-06-20,AP,R&D Vendor Bundle,Engineering,7174.02,paid,2023-07-20,2023-07-20
INV000350,2023-06-10,AP,Salesforce,Sales,3460.4,paid_late,2023-07-10,2023-07-14
INV000351,2023-06-07,AP,Slack,Operations,675.2,paid_late,2023-07-07,2023-07-17
INV000352,2023-06-11,AP,Staples,Operations,1772.4,paid,2023-07-11,2023-07-11
INV000353,2023-06-11,AP,Stripe,Finance,928.4,paid_late,2023-07-11,2023-07-29
INV000354,2023-06-18,AP,Travel Card,Sales,5486.0,paid,2023-07-18,2023-07-16
INV000355,2023-06-10,AP,WeWork,Operations,10676.6,paid,2023-07-10,2023-07-10
INV000356,2023-06-09,AP,Zoom,Operations,759.6,paid_late,2023-07-09,2023-07-13
INV000357,2023-07-03,AP,AWS,Engineering,30878.28,paid_late,2023-08-02,2023-08-12
INV000358,2023-07-12,AP,Apple,Operations,1392.6,paid,2023-08-11,2023-08-11
INV000359,2023-07-26,AP,Cooley,Finance,3207.2,paid_late,2023-08-25,2023-09-12
INV000360,2023-07-13,AP,Figma,Product,548.6,paid,2023-08-12,2023-08-10
INV000361,2023-07-06,AP,GCP,Product,4408.95,paid,2023-08-05,2023-08-05
INV000362,2023-07-12,AP,GitHub,Engineering,1012.8,paid_late,2023-08-11,2023-08-15
INV000363,2023-07-12,AP,Marketing Vendor Bundle,Marketing,10549.98,paid_late,2023-08-11,2023-08-21
INV000364,2023-07-08,AP,Notion,Operations,506.4,paid,2023-08-07,2023-08-07
INV000365,2023-07-24,AP,Pilot,Finance,3798.0,paid_late,2023-08-23,2023-09-10
INV000366,2023-07-20,AP,R&D Vendor Bundle,Engineering,11393.97,paid,2023-08-19,2023-08-17
INV000367,2023-07-10,AP,Salesforce,Sales,3460.4,paid,2023-08-09,2023-08-09
INV000368,2023-07-07,AP,Slack,Operations,675.2,paid_late,2023-08-06,2023-08-10
INV000369,2023-07-11,AP,Staples,Operations,1772.4,paid_late,2023-08-10,2023-08-20
INV000370,2023-07-11,AP,Stripe,Finance,928.4,paid,2023-08-10,2023-08-10
INV000371,2023-07-18,AP,Travel Card,Sales,6752.0,paid_late,2023-08-17,2023-09-04
INV000372,2023-07-10,AP,WeWork,Operations,10676.6,paid,2023-08-09,2023-08-07
INV000373,2023-07-09,AP,Zoom,Operations,759.6,paid,2023-08-08,2023-08-08
INV000374,2023-08-03,AP,AWS,Engineering,30878.28,paid_late,2023-09-02,2023-09-06
INV000375,2023-08-22,AP,Airbnb,Operations,32072.0,paid_late,2023-09-21,2023-10-01
INV000376,2023-08-12,AP,Apple,Operations,1392.6,paid,2023-09-11,2023-09-11
INV000377,2023-08-26,AP,Cooley,Finance,3207.2,paid_late,2023-09-25,2023-10-13
INV000378,2023-08-13,AP,Figma,Product,548.6,paid,2023-09-12,2023-09-10
INV000379,2023-08-06,AP,GCP,Product,4408.95,paid,2023-09-05,2023-09-05
INV000380,2023-08-12,AP,GitHub,Engineering,1012.8,paid_late,2023-09-11,2023-09-15
INV000381,2023-08-12,AP,Marketing Vendor Bundle,Marketing,10549.98,paid_late,2023-09-11,2023-09-21
INV000382,2023-08-08,AP,Notion,Operations,506.4,paid,2023-09-07,2023-09-07
INV000383,2023-08-24,AP,Pilot,Finance,3798.0,paid_late,2023-09-23,2023-10-11
INV000384,2023-08-20,AP,R&D Vendor Bundle,Engineering,11393.97,paid,2023-09-19,2023-09-17
INV000385,2023-08-10,AP,Salesforce,Sales,3460.4,paid,2023-09-09,2023-09-09
INV000386,2023-08-07,AP,Slack,Operations,675.2,paid_late,2023-09-06,2023-09-10
INV000387,2023-08-11,AP,Staples,Operations,1772.4,paid_late,2023-09-10,2023-09-20
INV000388,2023-08-11,AP,Stripe,Finance,928.4,paid,2023-09-10,2023-09-10
INV000389,2023-08-18,AP,Travel Card,Sales,6752.0,paid_late,2023-09-17,2023-10-05
INV000390,2023-08-10,AP,WeWork,Operations,10676.6,paid,2023-09-09,2023-09-07
INV000391,2023-08-09,AP,Zoom,Operations,759.6,paid,2023-09-08,2023-09-08
INV000392,2023-09-03,AP,AWS,Engineering,30878.28,paid_late,2023-10-03,2023-10-07
INV000393,2023-09-12,AP,Apple,Operations,1392.6,paid_late,2023-10-12,2023-10-22
INV000394,2023-09-26,AP,Cooley,Finance,3207.2,paid,2023-10-26,2023-10-26
INV000395,2023-09-25,AP,Deloitte,Finance,7174.0,paid_late,2023-10-25,2023-11-12
INV000396,2023-09-13,AP,Figma,Product,548.6,paid,2023-10-13,2023-10-11
INV000397,2023-09-06,AP,GCP,Product,4408.95,paid,2023-10-06,2023-10-06
INV000398,2023-09-12,AP,GitHub,Engineering,1012.8,paid_late,2023-10-12,2023-10-16
INV000399,2023-09-12,AP,Marketing Vendor Bundle,Marketing,10549.98,paid_late,2023-10-12,2023-10-22
INV000400,2023-09-08,AP,Notion,Operations,506.4,paid,2023-10-08,2023-10-08
INV000401,2023-09-24,AP,Pilot,Finance,3798.0,paid_late,2023-10-24,2023-11-11
INV000402,2023-09-20,AP,R&D Vendor Bundle,Engineering,11393.97,paid,2023-10-20,2023-10-18
INV000403,2023-09-10,AP,Salesforce,Sales,3460.4,paid,2023-10-10,2023-10-10
INV000404,2023-09-07,AP,Slack,Operations,675.2,paid_late,2023-10-07,2023-10-11
INV000405,2023-09-11,AP,Staples,Operations,1772.4,paid_late,2023-10-11,2023-10-21
INV000406,2023-09-11,AP,Stripe,Finance,928.4,paid,2023-10-11,2023-10-11
INV000407,2023-09-18,AP,Travel Card,Sales,6752.0,paid_late,2023-10-18,2023-11-05
INV000408,2023-09-10,AP,WeWork,Operations,10676.6,paid,2023-10-10,2023-10-08
INV000409,2023-09-09,AP,Zoom,Operations,759.6,paid,2023-10-09,2023-10-09
INV000410,2023-10-03,AP,AWS,Engineering,31705.39,paid_late,2023-11-02,2023-11-06
INV000411,2023-10-12,AP,Apple,Operations,1392.6,paid_late,2023-11-11,2023-11-21
INV000412,2023-10-26,AP,Cooley,Finance,3207.2,paid,2023-11-25,2023-11-25
INV000413,2023-10-13,AP,Figma,Product,548.6,paid_late,2023-11-12,2023-11-30
INV000414,2023-10-06,AP,GCP,Product,5070.29,paid,2023-11-05,2023-11-03
INV000415,2023-10-12,AP,GitHub,Engineering,1012.8,paid,2023-11-11,2023-11-11
INV000416,2023-10-12,AP,Marketing Vendor Bundle,Marketing,18567.99,paid_late,2023-11-11,2023-11-15
INV000417,2023-10-08,AP,Notion,Operations,506.4,paid_late,2023-11-07,2023-11-17
INV000418,2023-10-24,AP,Pilot,Finance,3798.0,paid,2023-11-23,2023-11-23
INV000419,2023-10-20,AP,R&D Vendor Bundle,Engineering,7174.02,paid_late,2023-11-19,2023-12-07
INV000420,2023-10-10,AP,Salesforce,Sales,3460.4,paid,2023-11-09,2023-11-07
INV000421,2023-10-07,AP,Slack,Operations,675.2,paid,2023-11-06,2023-11-06
INV000422,2023-10-11,AP,Staples,Operations,1772.4,paid_late,2023-11-10,2023-11-14
INV000423,2023-10-11,AP,Stripe,Finance,928.4,paid_late,2023-11-10,2023-11-20
INV000424,2023-10-18,AP,Travel Card,Sales,8018.0,paid,2023-11-17,2023-11-17
INV000425,2023-10-10,AP,WeWork,Operations,10676.6,paid_late,2023-11-09,2023-11-27
INV000426,2023-10-09,AP,Zoom,Operations,759.6,paid,2023-11-08,2023-11-06
INV000427,2023-11-03,AP,AWS,Engineering,31705.39,paid,2023-12-03,2023-12-03
INV000428,2023-11-12,AP,Apple,Operations,1392.6,paid_late,2023-12-12,2023-12-16
INV000429,2023-11-26,AP,Cooley,Finance,3207.2,paid_late,2023-12-26,2024-01-05
INV000430,2023-11-13,AP,Figma,Product,548.6,paid,2023-12-13,2023-12-13
INV000431,2023-11-06,AP,GCP,Product,5070.29,paid_late,2023-12-06,2023-12-24
INV000432,2023-11-12,AP,GitHub,Engineering,1012.8,paid,2023-12-12,2023-12-10
INV000433,2023-11-12,AP,Marketing Vendor Bundle,Marketing,18567.99,paid,2023-12-12,2023-12-12
INV000434,2023-11-08,AP,Notion,Operations,506.4,paid_late,2023-12-08,2023-12-12
INV000435,2023-11-24,AP,Pilot,Finance,3798.0,paid_late,2023-12-24,2024-01-03
INV000436,2023-11-20,AP,R&D Vendor Bundle,Engineering,7174.02,paid,2023-12-20,2023-12-20
INV000437,2023-11-10,AP,Salesforce,Sales,3460.4,paid_late,2023-12-10,2023-12-28
INV000438,2023-11-07,AP,Slack,Operations,675.2,paid,2023-12-07,2023-12-05
INV000439,2023-11-11,AP,Staples,Operations,1772.4,paid,2023-12-11,2023-12-11
INV000440,2023-11-11,AP,Stripe,Finance,928.4,paid_late,2023-12-11,2023-12-15
INV000441,2023-11-18,AP,Travel Card,Sales,8018.0,paid_late,2023-12-18,2023-12-28
INV000442,2023-11-10,AP,WeWork,Operations,10676.6,paid,2023-12-10,2023-12-10
INV000443,2023-11-09,AP,Zoom,Operations,759.6,paid_late,2023-12-09,2023-12-27
INV000444,2023-12-03,AP,AWS,Engineering,31705.39,paid,2024-01-02,2023-12-31
INV000445,2023-12-12,AP,Apple,Operations,1392.6,paid,2024-01-11,2024-01-11
INV000446,2023-12-26,AP,Cooley,Finance,3207.2,paid_late,2024-01-25,2024-01-29
INV000447,2023-12-25,AP,Deloitte,Finance,7174.0,paid_late,2024-01-24,2024-02-03
INV000448,2023-12-13,AP,Figma,Product,548.6,paid,2024-01-12,2024-01-12
INV000449,2023-12-06,AP,GCP,Product,5070.29,paid_late,2024-01-05,2024-01-23
INV000450,2023-12-12,AP,GitHub,Engineering,1012.8,paid,2024-01-11,2024-01-09
INV000451,2023-12-12,AP,Marketing Vendor Bundle,Marketing,18567.99,paid,2024-01-11,2024-01-11
INV000452,2023-12-08,AP,Notion,Operations,506.4,paid_late,2024-01-07,2024-01-11
INV000453,2023-12-24,AP,Pilot,Finance,3798.0,paid_late,2024-01-23,2024-02-02
INV000454,2023-12-20,AP,R&D Vendor Bundle,Engineering,7174.02,paid,2024-01-19,2024-01-19
INV000455,2023-12-10,AP,Salesforce,Sales,3460.4,paid_late,2024-01-09,2024-01-27
INV000456,2023-12-07,AP,Slack,Operations,675.2,paid,2024-01-06,2024-01-04
INV000457,2023-12-11,AP,Staples,Operations,1772.4,paid,2024-01-10,2024-01-10
INV000458,2023-12-11,AP,Stripe,Finance,928.4,paid_late,2024-01-10,2024-01-14
INV000459,2023-12-18,AP,Travel Card,Sales,8018.0,paid_late,2024-01-17,2024-01-27
INV000460,2023-12-10,AP,WeWork,Operations,10676.6,paid,2024-01-09,2024-01-09
INV000461,2023-12-09,AP,Zoom,Operations,759.6,paid_late,2024-01-08,2024-01-26
INV000462,2024-01-03,AP,AWS,Engineering,36461.18,paid,2024-02-02,2024-01-31
INV000463,2024-01-12,AP,Apple,Operations,1531.86,paid,2024-02-11,2024-02-11
INV000464,2024-01-26,AP,Cooley,Finance,3399.63,paid_late,2024-02-25,2024-02-29
INV000465,2024-01-13,AP,Figma,Product,592.49,paid_late,2024-02-12,2024-02-22
INV000466,2024-01-06,AP,GCP,Product,5830.83,paid,2024-02-05,2024-02-05
INV000467,2024-01-12,AP,GitHub,Engineering,1012.8,paid_late,2024-02-11,2024-02-29
INV000468,2024-01-12,AP,Marketing Vendor Bundle,Marketing,6473.46,paid,2024-02-11,2024-02-09
INV000469,2024-01-08,AP,Notion,Operations,506.4,paid,2024-02-07,2024-02-07
INV000470,2024-01-24,AP,Pilot,Finance,4025.88,paid_late,2024-02-23,2024-02-27
INV000471,2024-01-20,AP,R&D Vendor Bundle,Engineering,7747.95,paid_late,2024-02-19,2024-02-29
INV000472,2024-01-10,AP,Salesforce,Sales,45289.04,paid,2024-02-09,2024-02-09
INV000473,2024-01-07,AP,Slack,Operations,675.2,paid_late,2024-02-06,2024-02-24
INV000474,2024-01-11,AP,Staples,Operations,1914.19,paid,2024-02-10,2024-02-08
INV000475,2024-01-11,AP,Stripe,Finance,1021.24,paid,2024-02-10,2024-02-10
INV000476,2024-01-18,AP,Travel Card,Sales,3692.48,paid_late,2024-02-17,2024-02-21
INV000477,2024-01-10,AP,WeWork,Operations,10676.6,paid_late,2024-02-09,2024-02-19
INV000478,2024-01-09,AP,Zoom,Operations,759.6,paid,2024-02-08,2024-02-08
INV000479,2024-02-03,AP,AWS,Engineering,36461.18,paid_late,2024-03-04,2024-03-22
INV000480,2024-02-12,AP,Apple,Operations,1531.86,paid,2024-03-13,2024-03-11
INV000481,2024-02-26,AP,Cooley,Finance,3399.63,paid,2024-03-27,2024-03-27
INV000482,2024-02-13,AP,Figma,Product,592.49,paid_late,2024-03-14,2024-03-18
INV000483,2024-02-06,AP,GCP,Product,5830.83,paid_late,2024-03-07,2024-03-17
INV000484,2024-02-12,AP,GitHub,Engineering,1012.8,paid,2024-03-13,2024-03-13
INV000485,2024-02-12,AP,Marketing Vendor Bundle,Marketing,6473.46,paid_late,2024-03-13,2024-03-31
INV000486,2024-02-08,AP,Notion,Operations,506.4,paid,2024-03-09,2024-03-07
INV000487,2024-02-24,AP,Pilot,Finance,4025.88,paid,2024-03-25,2024-03-25
INV000488,2024-02-20,AP,R&D Vendor Bundle,Engineering,7747.95,paid_late,2024-03-21,2024-03-25
INV000489,2024-02-10,AP,Salesforce,Sales,3460.4,paid_late,2024-03-11,2024-03-21
INV000490,2024-02-07,AP,Slack,Operations,675.2,paid,2024-03-08,2024-03-08
INV000491,2024-02-11,AP,Staples,Operations,1914.19,paid_late,2024-03-12,2024-03-30
INV000492,2024-02-11,AP,Stripe,Finance,1021.24,paid,2024-03-12,2024-03-10
INV000493,2024-02-18,AP,Travel Card,Sales,3692.48,paid,2024-03-19,2024-03-19
INV000494,2024-02-10,AP,WeWork,Operations,90856.6,paid_late,2024-03-11,2024-03-15
INV000495,2024-02-09,AP,Zoom,Operations,759.6,paid_late,2024-03-10,2024-03-20
INV000496,2024-03-03,AP,AWS,Engineering,36461.18,paid,2024-04-02,2024-04-02
INV000497,2024-03-12,AP,Apple,Operations,1531.86,paid_late,2024-04-11,2024-04-29
INV000498,2024-03-26,AP,Cooley,Finance,3399.63,paid,2024-04-25,2024-04-23
INV000499,2024-03-25,AP,Deloitte,Finance,7747.92,paid,2024-04-24,2024-04-24
INV000500,2024-03-13,AP,Figma,Product,592.49,paid_late,2024-04-12,2024-04-16
INV000501,2024-03-06,AP,GCP,Product,5830.83,paid_late,2024-04-05,2024-04-15
INV000502,2024-03-12,AP,GitHub,Engineering,1012.8,paid,2024-04-11,2024-04-11
INV000503,2024-03-12,AP,Marketing Vendor Bundle,Marketing,6473.46,paid_late,2024-04-11,2024-04-29
INV000504,2024-03-08,AP,Notion,Operations,506.4,paid,2024-04-07,2024-04-05
INV000505,2024-03-24,AP,Pilot,Finance,4025.88,paid,2024-04-23,2024-04-23
INV000506,2024-03-20,AP,R&D Vendor Bundle,Engineering,7747.95,paid_late,2024-04-19,2024-04-23
INV000507,2024-03-10,AP,Salesforce,Sales,3460.4,paid_late,2024-04-09,2024-04-19
INV000508,2024-03-07,AP,Slack,Operations,675.2,paid,2024-04-06,2024-04-06
INV000509,2024-03-11,AP,Staples,Operations,1914.19,paid_late,2024-04-10,2024-04-28
INV000510,2024-03-11,AP,Stripe,Finance,1021.24,paid,2024-04-10,2024-04-08
INV000511,2024-03-18,AP,Travel Card,Sales,3692.48,paid,2024-04-17,2024-04-17
INV000512,2024-03-10,AP,WeWork,Operations,10676.6,paid_late,2024-04-09,2024-04-13
INV000513,2024-03-09,AP,Zoom,Operations,759.6,paid_late,2024-04-08,2024-04-18
INV000514,2024-04-03,AP,AWS,Engineering,41930.36,paid,2024-05-03,2024-05-03
INV000515,2024-04-12,AP,Apple,Operations,1531.86,paid_late,2024-05-12,2024-05-30
INV000516,2024-04-26,AP,Cooley,Finance,3399.63,paid,2024-05-26,2024-05-24
INV000517,2024-04-13,AP,Figma,Product,592.49,paid,2024-05-13,2024-05-13
INV000518,2024-04-06,AP,GCP,Product,6705.46,paid_late,2024-05-06,2024-05-10
INV000519,2024-04-12,AP,GitHub,Engineering,1012.8,paid_late,2024-05-12,2024-05-22
INV000520,2024-04-12,AP,Marketing Vendor Bundle,Marketing,17926.58,paid,2024-05-12,2024-05-12
INV000521,2024-04-08,AP,Notion,Operations,506.4,paid_late,2024-05-08,2024-05-26
INV000522,2024-04-24,AP,Pilot,Finance,4025.88,paid,2024-05-24,2024-05-22
INV000523,2024-04-20,AP,R&D Vendor Bundle,Engineering,7747.95,paid,2024-05-20,2024-05-20
INV000524,2024-04-10,AP,Salesforce,Sales,3460.4,paid_late,2024-05-10,2024-05-14
INV000525,2024-04-07,AP,Slack,Operations,675.2,paid_late,2024-05-07,2024-05-17
INV000526,2024-04-11,AP,Staples,Operations,1914.19,paid,2024-05-11,2024-05-11
INV000527,2024-04-11,AP,Stripe,Finance,1021.24,paid_late,2024-05-11,2024-05-29
INV000528,2024-04-18,AP,Travel Card,Sales,6857.52,paid,2024-05-18,2024-05-16
INV000529,2024-04-10,AP,WeWork,Operations,10676.6,paid,2024-05-10,2024-05-10
INV000530,2024-04-09,AP,Zoom,Operations,759.6,paid_late,2024-05-09,2024-05-13
INV000531,2024-05-03,AP,AWS,Engineering,41930.36,paid_late,2024-06-02,2024-06-12
INV000532,2024-05-12,AP,Apple,Operations,1531.86,paid,2024-06-11,2024-06-11
INV000533,2024-05-26,AP,Cooley,Finance,3399.63,paid_late,2024-06-25,2024-07-13
INV000534,2024-05-13,AP,Figma,Product,592.49,paid,2024-06-12,2024-06-10
INV000535,2024-05-06,AP,GCP,Product,6705.46,paid,2024-06-05,2024-06-05
INV000536,2024-05-12,AP,GitHub,Engineering,1012.8,paid_late,2024-06-11,2024-06-15
INV000537,2024-05-12,AP,Marketing Vendor Bundle,Marketing,17926.58,paid_late,2024-06-11,2024-06-21
INV000538,2024-05-08,AP,Notion,Operations,506.4,paid,2024-06-07,2024-06-07
INV000539,2024-05-24,AP,Pilot,Finance,4025.88,paid_late,2024-06-23,2024-07-11
INV000540,2024-05-20,AP,R&D Vendor Bundle,Engineering,7747.95,paid,2024-06-19,2024-06-17
INV000541,2024-05-10,AP,Salesforce,Sales,3460.4,paid,2024-06-09,2024-06-09
INV000542,2024-05-07,AP,Slack,Operations,675.2,paid_late,2024-06-06,2024-06-10
INV000543,2024-05-11,AP,Staples,Operations,1914.19,paid_late,2024-06-10,2024-06-20
INV000544,2024-05-11,AP,Stripe,Finance,1021.24,paid,2024-06-10,2024-06-10
INV000545,2024-05-18,AP,Travel Card,Sales,6857.52,paid_late,2024-06-17,2024-07-05
INV000546,2024-05-10,AP,WeWork,Operations,10676.6,paid,2024-06-09,2024-06-07
INV000547,2024-05-09,AP,Zoom,Operations,759.6,paid,2024-06-08,2024-06-08
INV000548,2024-06-03,AP,AWS,Engineering,41930.36,paid_late,2024-07-03,2024-07-07
INV000549,2024-06-12,AP,Apple,Operations,1531.86,paid_late,2024-07-12,2024-07-22
INV000550,2024-06-26,AP,Cooley,Finance,3399.63,paid,2024-07-26,2024-07-26
INV000551,2024-06-25,AP,Deloitte,Finance,7747.92,paid_late,2024-07-25,2024-08-12
INV000552,2024-06-13,AP,Figma,Product,592.49,paid,2024-07-13,2024-07-11
INV000553,2024-06-06,AP,GCP,Product,6705.46,paid,2024-07-06,2024-07-06
INV000554,2024-06-12,AP,GitHub,Engineering,1012.8,paid_late,2024-07-12,2024-07-16
INV000555,2024-06-12,AP,Marketing Vendor Bundle,Marketing,17926.58,paid_late,2024-07-12,2024-07-22
INV000556,2024-06-08,AP,Notion,Operations,506.4,paid,2024-07-08,2024-07-08
INV000557,2024-06-24,AP,Pilot,Finance,4025.88,paid_late,2024-07-24,2024-08-11
INV000558,2024-06-20,AP,R&D Vendor Bundle,Engineering,7747.95,paid,2024-07-20,2024-07-18
INV000559,2024-06-10,AP,Salesforce,Sales,3460.4,paid,2024-07-10,2024-07-10
INV000560,2024-06-07,AP,Slack,Operations,675.2,paid_late,2024-07-07,2024-07-11
INV000561,2024-06-11,AP,Staples,Operations,1914.19,paid_late,2024-07-11,2024-07-21
INV000562,2024-06-11,AP,Stripe,Finance,1021.24,paid,2024-07-11,2024-07-11
INV000563,2024-06-18,AP,Travel Card,Sales,6857.52,paid_late,2024-07-18,2024-08-05
INV000564,2024-06-10,AP,WeWork,Operations,10676.6,paid,2024-07-10,2024-07-08
INV000565,2024-06-09,AP,Zoom,Operations,759.6,paid,2024-07-09,2024-07-09
INV000566,2024-07-03,AP,AWS,Engineering,54006.33,paid_late,2024-08-02,2024-08-06
INV000567,2024-07-12,AP,Apple,Operations,1531.86,paid_late,2024-08-11,2024-08-21
INV000568,2024-07-26,AP,Cooley,Finance,3399.63,paid,2024-08-25,2024-08-25
INV000569,2024-07-13,AP,Figma,Product,592.49,paid_late,2024-08-12,2024-08-30
INV000570,2024-07-06,AP,GCP,Product,7711.29,paid,2024-08-05,2024-08-03
INV000571,2024-07-12,AP,GitHub,Engineering,1012.8,paid,2024-08-11,2024-08-11
INV000572,2024-07-12,AP,Marketing Vendor Bundle,Marketing,12449.01,paid_late,2024-08-11,2024-08-15
INV000573,2024-07-08,AP,Notion,Operations,506.4,paid_late,2024-08-07,2024-08-17
INV000574,2024-07-24,AP,Pilot,Finance,4025.88,paid,2024-08-23,2024-08-23
INV000575,2024-07-20,AP,R&D Vendor Bundle,Engineering,12761.28,paid_late,2024-08-19,2024-09-06
INV000576,2024-07-10,AP,Salesforce,Sales,3460.4,paid,2024-08-09,2024-08-07
INV000577,2024-07-07,AP,Slack,Operations,675.2,paid,2024-08-06,2024-08-06
INV000578,2024-07-11,AP,Staples,Operations,1914.19,paid_late,2024-08-10,2024-08-14
INV000579,2024-07-11,AP,Stripe,Finance,1021.24,paid_late,2024-08-10,2024-08-20
INV000580,2024-07-18,AP,Travel Card,Sales,8440.0,paid,2024-08-17,2024-08-17
INV000581,2024-07-10,AP,WeWork,Operations,10676.6,paid_late,2024-08-09,2024-08-27
INV000582,2024-07-09,AP,Zoom,Operations,759.6,paid,2024-08-08,2024-08-06
INV000583,2024-08-03,AP,AWS,Engineering,54006.33,paid,2024-09-02,2024-09-02
INV000584,2024-08-22,AP,Airbnb,Operations,35920.64,paid_late,2024-09-21,2024-09-25
INV000585,2024-08-12,AP,Apple,Operations,1531.86,paid_late,2024-09-11,2024-09-21
INV000586,2024-08-26,AP,Cooley,Finance,3399.63,paid,2024-09-25,2024-09-25
INV000587,2024-08-13,AP,Figma,Product,592.49,paid_late,2024-09-12,2024-09-30
INV000588,2024-08-06,AP,GCP,Product,7711.29,paid,2024-09-05,2024-09-03
INV000589,2024-08-12,AP,GitHub,Engineering,1012.8,paid,2024-09-11,2024-09-11
INV000590,2024-08-12,AP,Marketing Vendor Bundle,Marketing,12449.01,paid_late,2024-09-11,2024-09-15
INV000591,2024-08-08,AP,Notion,Operations,506.4,paid_late,2024-09-07,2024-09-17
INV000592,2024-08-24,AP,Pilot,Finance,4025.88,paid,2024-09-23,2024-09-23
INV000593,2024-08-20,AP,R&D Vendor Bundle,Engineering,12761.28,paid_late,2024-09-19,2024-10-07
INV000594,2024-08-10,AP,Salesforce,Sales,3460.4,paid,2024-09-09,2024-09-07
INV000595,2024-08-07,AP,Slack,Operations,675.2,paid,2024-09-06,2024-09-06
INV000596,2024-08-11,AP,Staples,Operations,1914.19,paid_late,2024-09-10,2024-09-14
INV000597,2024-08-11,AP,Stripe,Finance,1021.24,paid_late,2024-09-10,2024-09-20
INV000598,2024-08-18,AP,Travel Card,Sales,8440.0,paid,2024-09-17,2024-09-17
INV000599,2024-08-10,AP,WeWork,Operations,10676.6,paid_late,2024-09-09,2024-09-27
INV000600,2024-08-09,AP,Zoom,Operations,759.6,paid,2024-09-08,2024-09-06
INV000601,2024-09-03,AP,AWS,Engineering,54006.33,paid,2024-10-03,2024-10-03
INV000602,2024-09-12,AP,Apple,Operations,1531.86,paid_late,2024-10-12,2024-10-16
INV000603,2024-09-26,AP,Cooley,Finance,3399.63,paid_late,2024-10-26,2024-11-05
INV000604,2024-09-25,AP,Deloitte,Finance,7747.92,paid,2024-10-25,2024-10-25
INV000605,2024-09-13,AP,Figma,Product,592.49,paid_late,2024-10-13,2024-10-31
INV000606,2024-09-06,AP,GCP,Product,7711.29,paid,2024-10-06,2024-10-04
INV000607,2024-09-12,AP,GitHub,Engineering,1012.8,paid,2024-10-12,2024-10-12
INV000608,2024-09-12,AP,Marketing Vendor Bundle,Marketing,12449.01,paid_late,2024-10-12,2024-10-16
INV000609,2024-09-08,AP,Notion,Operations,506.4,paid_late,2024-10-08,2024-10-18
INV000610,2024-09-24,AP,Pilot,Finance,4025.88,paid,2024-10-24,2024-10-24
INV000611,2024-09-20,AP,R&D Vendor Bundle,Engineering,12761.28,paid_late,2024-10-20,2024-11-07
INV000612,2024-09-10,AP,Salesforce,Sales,3460.4,paid,2024-10-10,2024-10-08
INV000613,2024-09-07,AP,Slack,Operations,675.2,paid,2024-10-07,2024-10-07
INV000614,2024-09-11,AP,Staples,Operations,1914.19,paid_late,2024-10-11,2024-10-15
INV000615,2024-09-11,AP,Stripe,Finance,1021.24,paid_late,2024-10-11,2024-10-21
INV000616,2024-09-18,AP,Travel Card,Sales,8440.0,paid,2024-10-18,2024-10-18
INV000617,2024-09-10,AP,WeWork,Operations,10676.6,paid_late,2024-10-10,2024-10-28
INV000618,2024-09-09,AP,Zoom,Operations,759.6,paid,2024-10-09,2024-10-07
INV000619,2024-10-03,AP,AWS,Engineering,55452.9,paid,2024-11-02,2024-11-02
INV000620,2024-10-12,AP,Apple,Operations,1531.86,paid_late,2024-11-11,2024-11-15
INV000621,2024-10-26,AP,Cooley,Finance,3399.63,paid_late,2024-11-25,2024-12-05
INV000622,2024-10-13,AP,Figma,Product,592.49,paid,2024-11-12,2024-11-12
INV000623,2024-10-06,AP,GCP,Product,8867.97,paid_late,2024-11-05,2024-11-23
INV000624,2024-10-12,AP,GitHub,Engineering,1012.8,paid,2024-11-11,2024-11-09
INV000625,2024-10-12,AP,Marketing Vendor Bundle,Marketing,21910.21,paid,2024-11-11,2024-11-11
INV000626,2024-10-08,AP,Notion,Operations,506.4,paid_late,2024-11-07,2024-11-11
INV000627,2024-10-24,AP,Pilot,Finance,4025.88,paid_late,2024-11-23,2024-12-03
INV000628,2024-10-20,AP,R&D Vendor Bundle,Engineering,7747.95,paid,2024-11-19,2024-11-19
INV000629,2024-10-10,AP,Salesforce,Sales,3460.4,paid_late,2024-11-09,2024-11-27
INV000630,2024-10-07,AP,Slack,Operations,675.2,paid,2024-11-06,2024-11-04
INV000631,2024-10-11,AP,Staples,Operations,1914.19,paid,2024-11-10,2024-11-10
INV000632,2024-10-11,AP,Stripe,Finance,1021.24,paid_late,2024-11-10,2024-11-14
INV000633,2024-10-18,AP,Travel Card,Sales,10022.48,paid_late,2024-11-17,2024-11-27
INV000634,2024-10-10,AP,WeWork,Operations,10676.6,paid,2024-11-09,2024-11-09
INV000635,2024-10-09,AP,Zoom,Operations,759.6,paid_late,2024-11-08,2024-11-26
INV000636,2024-11-03,AP,AWS,Engineering,55452.9,paid,2024-12-03,2024-12-01
INV000637,2024-11-12,AP,Apple,Operations,1531.86,paid,2024-12-12,2024-12-12
INV000638,2024-11-26,AP,Cooley,Finance,3399.63,paid_late,2024-12-26,2024-12-30
INV000639,2024-11-13,AP,Figma,Product,592.49,paid_late,2024-12-13,2024-12-23
INV000640,2024-11-06,AP,GCP,Product,8867.97,paid,2024-12-06,2024-12-06
INV000641,2024-11-12,AP,GitHub,Engineering,1012.8,paid_late,2024-12-12,2024-12-30
INV000642,2024-11-12,AP,Marketing Vendor Bundle,Marketing,21910.21,paid,2024-12-12,2024-12-10
INV000643,2024-11-08,AP,Notion,Operations,506.4,paid,2024-12-08,2024-12-08
INV000644,2024-11-24,AP,Pilot,Finance,4025.88,paid_late,2024-12-24,2024-12-28
INV000645,2024-11-20,AP,R&D Vendor Bundle,Engineering,7747.95,paid_late,2024-12-20,2024-12-30
INV000646,2024-11-10,AP,Salesforce,Sales,3460.4,paid,2024-12-10,2024-12-10
INV000647,2024-11-07,AP,Slack,Operations,675.2,paid_late,2024-12-07,2024-12-25
INV000648,2024-11-11,AP,Staples,Operations,1914.19,paid,2024-12-11,2024-12-09
INV000649,2024-11-11,AP,Stripe,Finance,1021.24,paid,2024-12-11,2024-12-11
INV000650,2024-11-18,AP,Travel Card,Sales,10022.48,paid_late,2024-12-18,2024-12-22
INV000651,2024-11-10,AP,WeWork,Operations,10676.6,paid_late,2024-12-10,2024-12-20
INV000652,2024-11-09,AP,Zoom,Operations,759.6,paid,2024-12-09,2024-12-09
INV000653,2024-12-03,AP,AWS,Engineering,55452.9,paid_late,2025-01-02,2025-01-20
INV000654,2024-12-12,AP,Apple,Operations,1531.86,paid,2025-01-11,2025-01-09
INV000655,2024-12-26,AP,Cooley,Finance,3399.63,paid,2025-01-25,2025-01-25
INV000656,2024-12-25,AP,Deloitte,Finance,7747.92,paid_late,2025-01-24,2025-01-28
INV000657,2024-12-13,AP,Figma,Product,592.49,paid_late,2025-01-12,2025-01-22
INV000658,2024-12-06,AP,GCP,Product,8867.97,paid,2025-01-05,2025-01-05
INV000659,2024-12-12,AP,GitHub,Engineering,1012.8,paid_late,2025-01-11,2025-01-29
INV000660,2024-12-12,AP,Marketing Vendor Bundle,Marketing,21910.21,paid,2025-01-11,2025-01-09
INV000661,2024-12-08,AP,Notion,Operations,506.4,paid,2025-01-07,2025-01-07
INV000662,2024-12-24,AP,Pilot,Finance,4025.88,paid_late,2025-01-23,2025-01-27
INV000663,2024-12-20,AP,R&D Vendor Bundle,Engineering,7747.95,paid_late,2025-01-19,2025-01-29
INV000664,2024-12-10,AP,Salesforce,Sales,3460.4,paid,2025-01-09,2025-01-09
INV000665,2024-12-07,AP,Slack,Operations,675.2,paid_late,2025-01-06,2025-01-24
INV000666,2024-12-11,AP,Staples,Operations,1914.19,paid,2025-01-10,2025-01-08
INV000667,2024-12-11,AP,Stripe,Finance,1021.24,paid,2025-01-10,2025-01-10
INV000668,2024-12-18,AP,Travel Card,Sales,10022.48,paid_late,2025-01-17,2025-01-21
INV000669,2024-12-10,AP,WeWork,Operations,10676.6,paid_late,2025-01-09,2025-01-19
INV000670,2024-12-09,AP,Zoom,Operations,759.6,paid,2025-01-08,2025-01-08
INV000671,2025-01-03,AP,AWS,Engineering,63770.83,paid_late,2025-02-02,2025-02-20
INV000672,2025-01-12,AP,Apple,Operations,1685.05,paid,2025-02-11,2025-02-09
INV000673,2025-01-26,AP,Cooley,Finance,3603.61,paid,2025-02-25,2025-02-25
INV000674,2025-01-13,AP,Figma,Product,639.89,paid_late,2025-02-12,2025-02-16
INV000675,2025-01-06,AP,GCP,Product,10198.17,paid_late,2025-02-05,2025-02-15
INV000676,2025-01-12,AP,GitHub,Engineering,1012.8,paid,2025-02-11,2025-02-11
INV000677,2025-01-12,AP,Marketing Vendor Bundle,Marketing,7444.5,paid_late,2025-02-11,2025-03-01
INV000678,2025-01-08,AP,Notion,Operations,506.4,paid,2025-02-07,2025-02-05
INV000679,2025-01-24,AP,Pilot,Finance,4267.43,paid,2025-02-23,2025-02-23
INV000680,2025-01-20,AP,R&D Vendor Bundle,Engineering,8367.73,paid_late,2025-02-19,2025-02-23
INV000681,2025-01-10,AP,Salesforce,Sales,52818.2,paid_late,2025-02-09,2025-02-19
INV000682,2025-01-07,AP,Slack,Operations,675.2,paid,2025-02-06,2025-02-06
INV000683,2025-01-11,AP,Staples,Operations,2067.33,paid_late,2025-02-10,2025-02-28
INV000684,2025-01-11,AP,Stripe,Finance,1123.36,paid,2025-02-10,2025-02-08
INV000685,2025-01-18,AP,Travel Card,Sales,4061.76,paid,2025-02-17,2025-02-17
INV000686,2025-01-10,AP,WeWork,Operations,10676.6,paid_late,2025-02-09,2025-02-13
INV000687,2025-01-09,AP,Zoom,Operations,759.6,paid_late,2025-02-08,2025-02-18
INV000688,2025-02-03,AP,AWS,Engineering,63770.83,paid,2025-03-05,2025-03-05
INV000689,2025-02-12,AP,Apple,Operations,1685.05,paid_late,2025-03-14,2025-04-01
INV000690,2025-02-26,AP,Cooley,Finance,3603.61,paid,2025-03-28,2025-03-26
INV000691,2025-02-13,AP,Figma,Product,639.89,paid,2025-03-15,2025-03-15
INV000692,2025-02-06,AP,GCP,Product,10198.17,paid_late,2025-03-08,2025-03-12
INV000693,2025-02-12,AP,GitHub,Engineering,1012.8,paid_late,2025-03-14,2025-03-24
INV000694,2025-02-12,AP,Marketing Vendor Bundle,Marketing,7444.5,paid,2025-03-14,2025-03-14
INV000695,2025-02-08,AP,Notion,Operations,506.4,paid_late,2025-03-10,2025-03-28
INV000696,2025-02-24,AP,Pilot,Finance,4267.43,paid,2025-03-26,2025-03-24
INV000697,2025-02-20,AP,R&D Vendor Bundle,Engineering,8367.73,paid,2025-03-22,2025-03-22
INV000698,2025-02-10,AP,Salesforce,Sales,3460.4,paid_late,2025-03-12,2025-03-16
INV000699,2025-02-07,AP,Slack,Operations,675.2,paid_late,2025-03-09,2025-03-19
INV000700,2025-02-11,AP,Staples,Operations,2067.33,paid,2025-03-13,2025-03-13
INV000701,2025-02-11,AP,Stripe,Finance,1123.36,paid_late,2025-03-13,2025-03-31
INV000702,2025-02-18,AP,Travel Card,Sales,4061.76,paid,2025-03-20,2025-03-18
INV000703,2025-02-10,AP,WeWork,Operations,10676.6,paid,2025-03-12,2025-03-12
INV000704,2025-02-09,AP,Zoom,Operations,759.6,paid_late,2025-03-11,2025-03-15
INV000705,2025-03-03,AP,AWS,Engineering,63770.83,paid_late,2025-04-02,2025-04-12
INV000706,2025-03-12,AP,Apple,Operations,1685.05,paid,2025-04-11,2025-04-11
INV000707,2025-03-26,AP,Cooley,Finance,3603.61,paid_late,2025-04-25,2025-05-13
INV000708,2025-03-25,AP,Deloitte,Finance,8367.75,paid,2025-04-24,2025-04-22
INV000709,2025-03-13,AP,Figma,Product,639.89,paid,2025-04-12,2025-04-12
INV000710,2025-03-06,AP,GCP,Product,10198.17,paid_late,2025-04-05,2025-04-09
INV000711,2025-03-12,AP,GitHub,Engineering,1012.8,paid_late,2025-04-11,2025-04-21
INV000712,2025-03-12,AP,Marketing Vendor Bundle,Marketing,7444.5,paid,2025-04-11,2025-04-11
INV000713,2025-03-08,AP,Notion,Operations,506.4,paid_late,2025-04-07,2025-04-25
INV000714,2025-03-24,AP,Pilot,Finance,4267.43,paid,2025-04-23,2025-04-21
INV000715,2025-03-20,AP,R&D Vendor Bundle,Engineering,8367.73,paid,2025-04-19,2025-04-19
INV000716,2025-03-10,AP,Salesforce,Sales,3460.4,paid_late,2025-04-09,2025-04-13
INV000717,2025-03-07,AP,Slack,Operations,675.2,paid_late,2025-04-06,2025-04-16
INV000718,2025-03-11,AP,Staples,Operations,2067.33,paid,2025-04-10,2025-04-10
INV000719,2025-03-11,AP,Stripe,Finance,1123.36,paid_late,2025-04-10,2025-04-28
INV000720,2025-03-18,AP,Travel Card,Sales,4061.76,paid,2025-04-17,2025-04-15
INV000721,2025-03-10,AP,WeWork,Operations,10676.6,paid,2025-04-09,2025-04-09
INV000722,2025-03-09,AP,Zoom,Operations,759.6,paid_late,2025-04-08,2025-04-12
INV000723,2025-04-03,AP,AWS,Engineering,73336.47,paid_late,2025-05-03,2025-05-13
INV000724,2025-04-12,AP,Apple,Operations,1685.05,paid,2025-05-12,2025-05-12
INV000725,2025-04-26,AP,Cooley,Finance,3603.61,paid_late,2025-05-26,2025-06-13
INV000726,2025-04-13,AP,Figma,Product,639.89,paid,2025-05-13,2025-05-11
INV000727,2025-04-06,AP,GCP,Product,11727.89,paid,2025-05-06,2025-05-06
INV000728,2025-04-12,AP,GitHub,Engineering,1012.8,paid_late,2025-05-12,2025-05-16
INV000729,2025-04-12,AP,Marketing Vendor Bundle,Marketing,20615.56,paid_late,2025-05-12,2025-05-22
INV000730,2025-04-08,AP,Notion,Operations,506.4,paid,2025-05-08,2025-05-08
INV000731,2025-04-24,AP,Pilot,Finance,4267.43,paid_late,2025-05-24,2025-06-11
INV000732,2025-04-20,AP,R&D Vendor Bundle,Engineering,8367.73,paid,2025-05-20,2025-05-18
INV000733,2025-04-10,AP,Salesforce,Sales,3460.4,paid,2025-05-10,2025-05-10
INV000734,2025-04-07,AP,Slack,Operations,675.2,paid_late,2025-05-07,2025-05-11
INV000735,2025-04-11,AP,Staples,Operations,2067.33,paid_late,2025-05-11,2025-05-21
INV000736,2025-04-11,AP,Stripe,Finance,1123.36,paid,2025-05-11,2025-05-11
INV000737,2025-04-18,AP,Travel Card,Sales,7543.24,paid_late,2025-05-18,2025-06-05
INV000738,2025-04-10,AP,WeWork,Operations,10676.6,paid,2025-05-10,2025-05-08
INV000739,2025-04-09,AP,Zoom,Operations,759.6,paid,2025-05-09,2025-05-09
INV000740,2025-05-03,AP,AWS,Engineering,73336.47,paid_late,2025-06-02,2025-06-06
INV000741,2025-05-12,AP,Apple,Operations,1685.05,paid_late,2025-06-11,2025-06-21
INV000742,2025-05-26,AP,Cooley,Finance,3603.61,paid,2025-06-25,2025-06-25
INV000743,2025-05-13,AP,Figma,Product,639.89,paid_late,2025-06-12,2025-06-30
INV000744,2025-05-06,AP,GCP,Product,11727.89,paid,2025-06-05,2025-06-03
INV000745,2025-05-12,AP,GitHub,Engineering,1012.8,paid,2025-06-11,2025-06-11
INV000746,2025-05-12,AP,Marketing Vendor Bundle,Marketing,20615.56,paid_late,2025-06-11,2025-06-15
INV000747,2025-05-08,AP,Notion,Operations,506.4,paid_late,2025-06-07,2025-06-17
INV000748,2025-05-24,AP,Pilot,Finance,4267.43,paid,2025-06-23,2025-06-23
INV000749,2025-05-20,AP,R&D Vendor Bundle,Engineering,8367.73,paid_late,2025-06-19,2025-07-07
INV000750,2025-05-10,AP,Salesforce,Sales,3460.4,paid,2025-06-09,2025-06-07
INV000751,2025-05-07,AP,Slack,Operations,675.2,paid,2025-06-06,2025-06-06
INV000752,2025-05-11,AP,Staples,Operations,2067.33,paid_late,2025-06-10,2025-06-14
INV000753,2025-05-11,AP,Stripe,Finance,1123.36,paid_late,2025-06-10,2025-06-20
INV000754,2025-05-18,AP,Travel Card,Sales,7543.24,paid,2025-06-17,2025-06-17
INV000755,2025-05-10,AP,WeWork,Operations,10676.6,paid_late,2025-06-09,2025-06-27
INV000756,2025-05-09,AP,Zoom,Operations,759.6,paid,2025-06-08,2025-06-06
INV000757,2025-06-03,AP,AWS,Engineering,73336.47,paid,2025-07-03,2025-07-03
INV000758,2025-06-12,AP,Apple,Operations,1685.05,paid_late,2025-07-12,2025-07-16
INV000759,2025-06-26,AP,Cooley,Finance,3603.61,paid_late,2025-07-26,2025-08-05
INV000760,2025-06-25,AP,Deloitte,Finance,8367.75,paid,2025-07-25,2025-07-25
INV000761,2025-06-13,AP,Figma,Product,639.89,paid_late,2025-07-13,2025-07-31
INV000762,2025-06-06,AP,GCP,Product,11727.89,paid,2025-07-06,2025-07-04
INV000763,2025-06-12,AP,GitHub,Engineering,1012.8,paid,2025-07-12,2025-07-12
INV000764,2025-06-12,AP,Marketing Vendor Bundle,Marketing,20615.56,paid_late,2025-07-12,2025-07-16
INV000765,2025-06-08,AP,Notion,Operations,506.4,paid_late,2025-07-08,2025-07-18
INV000766,2025-06-24,AP,Pilot,Finance,4267.43,paid,2025-07-24,2025-07-24
INV000767,2025-06-20,AP,R&D Vendor Bundle,Engineering,8367.73,paid_late,2025-07-20,2025-08-07
INV000768,2025-06-10,AP,Salesforce,Sales,3460.4,paid,2025-07-10,2025-07-08
INV000769,2025-06-07,AP,Slack,Operations,675.2,paid,2025-07-07,2025-07-07
INV000770,2025-06-11,AP,Staples,Operations,2067.33,paid_late,2025-07-11,2025-07-15
INV000771,2025-06-11,AP,Stripe,Finance,1123.36,paid_late,2025-07-11,2025-07-21
INV000772,2025-06-18,AP,Travel Card,Sales,7543.24,paid,2025-07-18,2025-07-18
INV000773,2025-06-10,AP,WeWork,Operations,10676.6,paid_late,2025-07-10,2025-07-28
INV000774,2025-06-09,AP,Zoom,Operations,759.6,paid,2025-07-09,2025-07-07
INV000775,2025-07-03,AP,AWS,Engineering,94457.37,paid,2025-08-02,2025-08-02
INV000776,2025-07-12,AP,Apple,Operations,1685.05,paid_late,2025-08-11,2025-08-15
INV000777,2025-07-26,AP,Cooley,Finance,3603.61,paid_late,2025-08-25,2025-09-04
INV000778,2025-07-13,AP,Figma,Product,639.89,paid,2025-08-12,2025-08-12
INV000779,2025-07-06,AP,GCP,Product,13487.08,paid_late,2025-08-05,2025-08-23
INV000780,2025-07-12,AP,GitHub,Engineering,1012.8,paid,2025-08-11,2025-08-09
INV000781,2025-07-12,AP,Marketing Vendor Bundle,Marketing,14316.33,paid,2025-08-11,2025-08-11
INV000782,2025-07-08,AP,Notion,Operations,506.4,paid_late,2025-08-07,2025-08-11
INV000783,2025-07-24,AP,Pilot,Finance,4267.43,paid_late,2025-08-23,2025-09-02
INV000784,2025-07-20,AP,R&D Vendor Bundle,Engineering,14292.6,paid,2025-08-19,2025-08-19
INV000785,2025-07-10,AP,Salesforce,Sales,3460.4,paid_late,2025-08-09,2025-08-27
INV000786,2025-07-07,AP,Slack,Operations,675.2,paid,2025-08-06,2025-08-04
INV000787,2025-07-11,AP,Staples,Operations,2067.33,paid,2025-08-10,2025-08-10
INV000788,2025-07-11,AP,Stripe,Finance,1123.36,paid_late,2025-08-10,2025-08-14
INV000789,2025-07-18,AP,Travel Card,Sales,9284.0,paid_late,2025-08-17,2025-08-27
INV000790,2025-07-10,AP,WeWork,Operations,10676.6,paid,2025-08-09,2025-08-09
INV000791,2025-07-09,AP,Zoom,Operations,759.6,paid_late,2025-08-08,2025-08-26
INV000792,2025-08-03,AP,AWS,Engineering,94457.37,paid,2025-09-02,2025-08-31
INV000793,2025-08-22,AP,Airbnb,Operations,40231.12,paid,2025-09-21,2025-09-21
INV000794,2025-08-12,AP,Apple,Operations,1685.05,paid_late,2025-09-11,2025-09-15
INV000795,2025-08-26,AP,Cooley,Finance,3603.61,paid_late,2025-09-25,2025-10-05
INV000796,2025-08-13,AP,Figma,Product,639.89,paid,2025-09-12,2025-09-12
INV000797,2025-08-06,AP,GCP,Product,13487.08,paid_late,2025-09-05,2025-09-23
INV000798,2025-08-12,AP,GitHub,Engineering,1012.8,paid,2025-09-11,2025-09-09
INV000799,2025-08-12,AP,Marketing Vendor Bundle,Marketing,14316.33,paid,2025-09-11,2025-09-11
INV000800,2025-08-08,AP,Notion,Operations,506.4,paid_late,2025-09-07,2025-09-11
INV000801,2025-08-24,AP,Pilot,Finance,4267.43,paid_late,2025-09-23,2025-10-03
INV000802,2025-08-20,AP,R&D Vendor Bundle,Engineering,14292.6,paid,2025-09-19,2025-09-19
INV000803,2025-08-10,AP,Salesforce,Sales,3460.4,paid_late,2025-09-09,2025-09-27
INV000804,2025-08-07,AP,Slack,Operations,675.2,paid,2025-09-06,2025-09-04
INV000805,2025-08-11,AP,Staples,Operations,2067.33,paid,2025-09-10,2025-09-10
INV000806,2025-08-11,AP,Stripe,Finance,1123.36,paid_late,2025-09-10,2025-09-14
INV000807,2025-08-18,AP,Travel Card,Sales,9284.0,paid_late,2025-09-17,2025-09-27
INV000808,2025-08-10,AP,WeWork,Operations,10676.6,paid,2025-09-09,2025-09-09
INV000809,2025-08-09,AP,Zoom,Operations,759.6,paid_late,2025-09-08,2025-09-26
INV000810,2025-09-03,AP,AWS,Engineering,94457.37,paid,2025-10-03,2025-10-01
INV000811,2025-09-12,AP,Apple,Operations,1685.05,paid,2025-10-12,2025-10-12
INV000812,2025-09-26,AP,Cooley,Finance,3603.61,paid_late,2025-10-26,2025-10-30
INV000813,2025-09-25,AP,Deloitte,Finance,8367.75,paid_late,2025-10-25,2025-11-04
INV000814,2025-09-13,AP,Figma,Product,639.89,paid,2025-10-13,2025-10-13
INV000815,2025-09-06,AP,GCP,Product,13487.08,paid_late,2025-10-06,2025-10-24
INV000816,2025-09-12,AP,GitHub,Engineering,1012.8,paid,2025-10-12,2025-10-10
INV000817,2025-09-12,AP,Marketing Vendor Bundle,Marketing,14316.33,paid,2025-10-12,2025-10-12
INV000818,2025-09-08,AP,Notion,Operations,506.4,paid_late,2025-10-08,2025-10-12
INV000819,2025-09-24,AP,Pilot,Finance,4267.43,paid_late,2025-10-24,2025-11-03
INV000820,2025-09-20,AP,R&D Vendor Bundle,Engineering,14292.6,paid,2025-10-20,2025-10-20
INV000821,2025-09-10,AP,Salesforce,Sales,3460.4,paid_late,2025-10-10,2025-10-28
INV000822,2025-09-07,AP,Slack,Operations,675.2,paid,2025-10-07,2025-10-05
INV000823,2025-09-11,AP,Staples,Operations,2067.33,paid,2025-10-11,2025-10-11
INV000824,2025-09-11,AP,Stripe,Finance,1123.36,paid_late,2025-10-11,2025-10-15
INV000825,2025-09-18,AP,Travel Card,Sales,9284.0,paid_late,2025-10-18,2025-10-28
INV000826,2025-09-10,AP,WeWork,Operations,10676.6,paid,2025-10-10,2025-10-10
INV000827,2025-09-09,AP,Zoom,Operations,759.6,paid_late,2025-10-09,2025-10-27
INV000828,2025-10-03,AP,AWS,Engineering,96987.47,paid,2025-11-02,2025-10-31
INV000829,2025-10-12,AP,Apple,Operations,1685.05,paid,2025-11-11,2025-11-11
INV000830,2025-10-26,AP,Cooley,Finance,3603.61,paid_late,2025-11-25,2025-11-29
INV000831,2025-10-13,AP,Figma,Product,639.89,paid_late,2025-11-12,2025-11-22
INV000832,2025-10-06,AP,GCP,Product,15510.14,paid,2025-11-05,2025-11-05
INV000833,2025-10-12,AP,GitHub,Engineering,1012.8,paid_late,2025-11-11,2025-11-29
INV000834,2025-10-12,AP,Marketing Vendor Bundle,Marketing,25196.78,paid,2025-11-11,2025-11-09
INV000835,2025-10-08,AP,Notion,Operations,506.4,paid,2025-11-07,2025-11-07
INV000836,2025-10-24,AP,Pilot,Finance,4267.43,paid_late,2025-11-23,2025-11-27
INV000837,2025-10-20,AP,R&D Vendor Bundle,Engineering,8367.73,paid_late,2025-11-19,2025-11-29
INV000838,2025-10-10,AP,Salesforce,Sales,3460.4,paid,2025-11-09,2025-11-09
INV000839,2025-10-07,AP,Slack,Operations,675.2,paid_late,2025-11-06,2025-11-24
INV000840,2025-10-11,AP,Staples,Operations,2067.33,paid,2025-11-10,2025-11-08
INV000841,2025-10-11,AP,Stripe,Finance,1123.36,paid,2025-11-10,2025-11-10
INV000842,2025-10-18,AP,Travel Card,Sales,11024.76,paid_late,2025-11-17,2025-11-21
INV000843,2025-10-10,AP,WeWork,Operations,10676.6,paid_late,2025-11-09,2025-11-19
INV000844,2025-10-09,AP,Zoom,Operations,759.6,paid,2025-11-08,2025-11-08
INV000845,2025-11-03,AP,AWS,Engineering,96987.47,paid_late,2025-12-03,2025-12-21
INV000846,2025-11-12,AP,Apple,Operations,1685.05,paid,2025-12-12,2025-12-10
INV000847,2025-11-26,AP,Cooley,Finance,3603.61,paid,2025-12-26,2025-12-26
INV000848,2025-11-13,AP,Figma,Product,639.89,paid_late,2025-12-13,2025-12-17
INV000849,2025-11-06,AP,GCP,Product,15510.14,paid_late,2025-12-06,2025-12-16
INV000850,2025-11-12,AP,GitHub,Engineering,1012.8,paid,2025-12-12,2025-12-12
INV000851,2025-11-12,AP,Marketing Vendor Bundle,Marketing,25196.78,paid_late,2025-12-12,2025-12-30
INV000852,2025-11-08,AP,Notion,Operations,506.4,paid,2025-12-08,2025-12-06
INV000853,2025-11-24,AP,Pilot,Finance,4267.43,paid,2025-12-24,2025-12-24
INV000854,2025-11-20,AP,R&D Vendor Bundle,Engineering,8367.73,paid_late,2025-12-20,2025-12-24
INV000855,2025-11-10,AP,Salesforce,Sales,3460.4,paid_late,2025-12-10,2025-12-20
INV000856,2025-11-07,AP,Slack,Operations,675.2,paid,2025-12-07,2025-12-07
INV000857,2025-11-11,AP,Staples,Operations,2067.33,paid_late,2025-12-11,2025-12-29
INV000858,2025-11-11,AP,Stripe,Finance,1123.36,paid,2025-12-11,2025-12-09
INV000859,2025-11-18,AP,Travel Card,Sales,11024.76,paid,2025-12-18,2025-12-18
INV000860,2025-11-10,AP,WeWork,Operations,10676.6,paid_late,2025-12-10,2025-12-14
INV000861,2025-11-09,AP,Zoom,Operations,759.6,paid_late,2025-12-09,2025-12-19
INV000862,2025-12-03,AP,AWS,Engineering,96987.47,paid,2026-01-02,2026-01-02
INV000863,2025-12-12,AP,Apple,Operations,1685.05,paid_late,2026-01-11,2026-01-29
INV000864,2025-12-26,AP,Cooley,Finance,3603.61,paid,2026-01-25,2026-01-23
INV000865,2025-12-25,AP,Deloitte,Finance,8367.75,paid,2026-01-24,2026-01-24
INV000866,2025-12-13,AP,Figma,Product,639.89,paid_late,2026-01-12,2026-01-16
INV000867,2025-12-06,AP,GCP,Product,15510.14,paid_late,2026-01-05,2026-01-15
INV000868,2025-12-12,AP,GitHub,Engineering,1012.8,paid,2026-01-11,2026-01-11
INV000869,2025-12-12,AP,Marketing Vendor Bundle,Marketing,25196.78,paid_late,2026-01-11,2026-01-29
INV000870,2025-12-08,AP,Notion,Operations,506.4,paid,2026-01-07,2026-01-05
INV000871,2025-12-24,AP,Pilot,Finance,4267.43,paid,2026-01-23,2026-01-23
INV000872,2025-12-20,AP,R&D Vendor Bundle,Engineering,8367.73,paid_late,2026-01-19,2026-01-23
INV000873,2025-12-10,AP,Salesforce,Sales,3460.4,paid_late,2026-01-09,2026-01-19
INV000874,2025-12-07,AP,Slack,Operations,675.2,paid,2026-01-06,2026-01-06
INV000875,2025-12-11,AP,Staples,Operations,2067.33,paid_late,2026-01-10,2026-01-28
INV000876,2025-12-11,AP,Stripe,Finance,1123.36,paid,2026-01-10,2026-01-08
INV000877,2025-12-18,AP,Travel Card,Sales,11024.76,paid,2026-01-17,2026-01-17
INV000878,2025-12-10,AP,WeWork,Operations,10676.6,paid_late,2026-01-09,2026-01-13
INV000879,2025-12-09,AP,Zoom,Operations,759.6,paid_late,2026-01-08,2026-01-18
